{
	"name": "forbidden-lands",
	"title": "Forbidden Lands",
	"description": "'Round the beggar from Varassa all sat in a ring, and by the campfire they sat and heard his song. About walkers and wolfkin and every terrible thing, and of his fear he sang to them all night long: <em>\"There is something beyond the mountains, beyond the howls beyond the mist, there is something behind the veils, behind hearts cold as stone. Hearken, something walks and whispers, walks and lures you in and whimpers: Come to us, for this earth shall ever be ours and ours alone!\"</em>",
	"version": "6.0.1",
	"minimumCoreVersion": "0.8.6",
	"compatibleCoreVersion": "0.8.7",
	"author": "aMediocreDad, jimorie, giant-teapot, narukaioh",
	"creators": "perfectro, patrys, Maxter",
	"contributors": "romelwell, roonel, moo-man, lasseborly",
	"localization": "Rosataker, ptosekigloo, DavidCMeier, franklinbenini",
	"allowBugReporter": true,
	"bugs": "https://github.com/fvtt-fria-ligan/forbidden-lands-foundry-vtt/issues",
	"media": [
		{
			"type": "cover",
			"url": "https://user-images.githubusercontent.com/9851733/108728684-1a954b00-752a-11eb-9138-6fab6f83b2a8.jpg"
		},
		{
			"type": "screenshot",
			"url": "https://user-images.githubusercontent.com/9851733/115126329-9cf03780-9fce-11eb-953f-96cc54a097c4.png"
		}
	],
	"scripts": [],
	"esmodules": [
		"module/forbidden-lands.js"
	],
	"styles": [
		"styles/forbidden-lands.css"
	],
	"packs": [],
	"languages": [
		{
			"lang": "en",
			"name": "English",
			"path": "lang/en.json"
		},
		{
			"lang": "fr",
			"name": "Français",
			"path": "lang/fr.json"
		},
		{
			"lang": "pt-BR",
			"name": "Português Brasileiro",
			"path": "lang/pt-br.json"
		},
		{
			"lang": "cs",
			"name": "Čeština",
			"path": "lang/cs.json"
		},
		{
			"lang": "de",
			"name": "Deutsch",
			"path": "lang/de.json"
		},
		{
			"lang": "sv",
			"name": "Svenska",
			"path": "lang/sv.json"
		},
		{
			"lang": "es",
			"name": "Español",
			"path": "lang/es.json"
		},
		{
			"lang": "zh-TW",
			"name": "正體中文",
			"path": "lang/zh-TW.json"
		}
	],
	"gridDistance": 1,
	"gridUnits": "m",
	"background": "assets/splash-page.jpg",
	"primaryTokenAttribute": null,
	"secondaryTokenAttribute": null,
	"url": "https://github.com/fvtt-fria-ligan/forbidden-lands-foundry-vtt",
	"socket": true,
	"manifest": "https://github.com/fvtt-fria-ligan/forbidden-lands-foundry-vtt/releases/latest/download/system.json",
	"download": "https://github.com/fvtt-fria-ligan/forbidden-lands-foundry-vtt/releases/download/v6.0.1/v6.0.1.zip",
	"license": "LICENSE.txt"
}
