{
	"kin": {
		"alderlander": {
			"key": "alderlander",
			"name": "Amiense",
			"weight": 8,
			"age": [
				[16, 25],
				[26, 50],
				[51, 80]
			],
			"talent": "Adaptável",
			"childhood": {
				"orphaned": {
					"key": "orphaned",
					"name": "Órfã",
					"weight": 1,
					"description": "Você nunca conheceu sua mãe ou pai, e nunca teve uma família. Desde que você era pequena, você teve que cuidar de si mesma. Isso te deixou resistente e forte, mas um sentimento de solidão te corrói.",
					"attributes": { "strength": "3", "agility": "5", "wits": "3", "empathy": "4" },
					"skills": {
						"endurance": "1",
						"melee": "1",
						"scouting": "1",
						"sleight-of-hand": "1",
						"survival": "1",
						"insight": "1"
					}
				},
				"herder": {
					"key": "herder",
					"name": "Pastora",
					"weight": 1,
					"description": "Você aprendeu em sua infância que a pecuária é a fonte da vida. Como aprendiz, você vagou pelas planícies ao redor da aldeia, guardando seu rebanho. Você passou suas noites dormindo próximo ao gado, sonhando com aventuras.",
					"attributes": { "strength": "4", "agility": "4", "wits": "3", "empathy": "4" },
					"skills": { "might": "1", "crafting": "1", "scouting": "2", "animal-handling": "2" }
				},
				"vagabond": {
					"key": "vagabond",
					"name": "Errante",
					"weight": 1,
					"description": "Você e sua família viajavam de aldeia em aldeia, escondendo-se da Névoa de Sangue, sobrevivendo ao fazer trabalhos simples. Você nunca teve uma casa de verdade, cada dia era uma aventura nova. Você aprendeu a viver da terra e também sobre a importância da união entre as pessoas.",
					"attributes": { "strength": "4", "agility": "4", "wits": "4", "empathy": "3" },
					"skills": { "endurance": "1", "melee": "1", "scouting": "1", "survival": "2", "insight": "1" }
				},
				"squire": {
					"key": "squire",
					"name": "Escudeira",
					"weight": 1,
					"description": "Você serviu a uma orgulhosa guerreira. Carregou suas armas e equipamento, cuidou de seu cavalo e aprendeu tudo que pôde. Você sonhava forjar sua lenda nas Terras Proibidas, e um dia ser sua própria mestra.",
					"attributes": { "strength": "4", "agility": "4", "wits": "3", "empathy": "4" },
					"skills": { "endurance": "1", "melee": "2", "marksmanship": "1", "move": "1", "healing": "1" }
				},
				"laborer": {
					"key": "laborer",
					"name": "Trabalhadora",
					"weight": 1,
					"description": "Você trabalhou em uma fazenda realizando trabalhos braçais. Você sabe tudo sobre grãos, gado e colheitas. No fundo, porém, você almejava outra coisa.",
					"attributes": { "strength": "5", "agility": "3", "wits": "3", "empathy": "4" },
					"skills": { "might": "2", "melee": "1", "crafting": "1", "survival": "1", "animal-handling": "1" }
				},
				"hard studies": {
					"key": "hard studies",
					"name": "Estudante Dedicada",
					"weight": 1,
					"description": "Um sábio te colocou sob sua tutela e te orientou nos estudos dos escritos antigos. Os dias eram longos e o aprendizado era difícil, mas ao fim você aprendeu que o conhecimento é a chave para o mundo.",
					"attributes": { "strength": "3", "agility": "3", "wits": "5", "empathy": "4" },
					"skills": { "crafting": "1", "lore": "3", "insight": "1", "manipulation": "1" }
				}
			}
		},
		"aslene": {
			"key": "aslene",
			"name": "Aslênio",
			"weight": 5,
			"age": [
				[16, 25],
				[26, 50],
				[51, 80]
			],
			"talent": "Adaptável",
			"childhood": {
				"born in the saddle": {
					"key": "born in the saddle",
					"name": "Nascida na Sela",
					"weight": 1,
					"description": "Você sempre se identificou mais com os animais do que com humanos, e apenas quando está no lombo de seu cavalo e com o vento em seus cabelos é que você se sente livre. Juntos vocês são uma entidade única, cavalgando pelo terreno aberto em nome do deus Chifre.",
					"attributes": { "strength": "4", "agility": "5", "wits": "3", "empathy": "3" },
					"skills": { "move": "2", "survival": "2", "animal-handling": "2" }
				},
				"dreamer": {
					"key": "dreamer",
					"name": "Sonhadora",
					"weight": 1,
					"description": "Você sempre sonhou com deuses, lendas e mitos. Desde que era uma criança pequena, você se sentava ao lado do fogo e ouvia o menestrel do clã contar histórias sobre o deus vulcão Chifre, sobre seus orgulhosos ancestrais e sobre invasões demoníacas. Está nos sonhos de seu povo, de heróis e lendas, que você viva sua vida ao máximo. Talvez um dia você possa criar sua própria lenda.",
					"attributes": { "strength": "3", "agility": "3", "wits": "4", "empathy": "5" },
					"skills": { "lore": "2", "manipulation": "1", "performance": "1", "animal-handling": "1" }
				},
				"strongest of the clan": {
					"key": "strongest of the clan",
					"name": "A Mais Forte do Clã",
					"weight": 1,
					"description": "Mesmo quando criança, você percebeu que era maior e mais forte do que os outros. Você teve que trabalhar mais, ser mais responsável e lutar muito mais. Alguns te idolatram, outros te desprezam.",
					"attributes": { "strength": "5", "agility": "3", "wits": "3", "empathy": "4" },
					"skills": { "might": "2", "endurance": "1", "melee": "2", "animal-handling": "1" }
				},
				"taught by a wise women": {
					"key": "taught by a wise women",
					"name": "Aprendiz de uma Sábia",
					"weight": 1,
					"description": "Quando era criança, você fez amizade com uma sábia do clã. Logo, você se tornou sua aprendiz e aprendeu tudo sobre a história de seu povo, antigos feitos de heroísmo e guerras sangrentas.",
					"attributes": { "strength": "3", "agility": "3", "wits": "5", "empathy": "4" },
					"skills": { "lore": "2", "insight": "1", "healing": "2", "animal-handling": "1" }
				},
				"hunter": {
					"key": "hunter",
					"name": "Caçadora",
					"weight": 1,
					"description": "Quando era criança, você aprendeu a viver da natureza. A caçada é a sua tarefa, e mesmo que você tenha aprendido a matar, você também aprendeu o valor da vida de todos os animais.",
					"attributes": { "strength": "3", "agility": "4", "wits": "4", "empathy": "4" },
					"skills": { "marksmanship": "2", "scouting": "2", "survival": "1", "animal-handling": "1" }
				},
				"child of the winds": {
					"key": "child of the winds",
					"name": "Criança dos Ventos",
					"weight": 1,
					"description": "Você foi escolhida como uma Criança dos Ventos, e partiu em uma longa peregrinação nas terras altas, viajando de dia, e se escondendo da Névoa de Sangue à noite. Você cumpriu suas obrigações, mas até hoje é insegura quando se trata de se sentir em casa.",
					"attributes": { "strength": "4", "agility": "4", "wits": "3", "empathy": "4" },
					"skills": {
						"melee": "1",
						"marksmanship": "1",
						"endurance": "1",
						"survival": "2",
						"animal-handling": "1"
					}
				}
			}
		},
		"ailander": {
			"key": "ailander",
			"name": "Ailônio",
			"weight": 3,
			"age": [
				[16, 25],
				[26, 50],
				[51, 80]
			],
			"talent": "Adaptável",
			"childhood": {
				"child of the raven": {
					"key": "child of the raven",
					"name": "Criança do Corvo",
					"weight": 1,
					"description": "Você cresceu entre as Irmãs do Corvo e aprendeu a venerar o deus Corvo. Você aprendeu a temer a Irmandade Enferrujada, e a viver da terra. É sob o vento que você se sente mais livre.",
					"attributes": { "strength": "3", "agility": "4", "wits": "4", "empathy": "4" },
					"skills": { "crafting": "1", "move": "1", "scouting": "1", "lore": "2", "insight": "1" }
				},
				"druid's apprentice": {
					"key": "druid's apprentice",
					"name": "Aprendiz de Druida",
					"weight": 1,
					"description": "Você era aprendiz de um druida, e aprendeu tudo o que pôde sobre os mistérios sagrados, sobre rituais e feitiçaria. Seu mestre morreu há muito tempo, mas você ainda lembra de suas palavras.",
					"attributes": { "strength": "3", "agility": "4", "wits": "5", "empathy": "3" },
					"skills": { "scouting": "1", "lore": "1", "survival": "2", "healing": "1", "animal-handling": "1" }
				},
				"guardian": {
					"key": "guardian",
					"name": "Guardiã",
					"weight": 1,
					"description": "Os Ailônios sempre foram um povo oprimido e caçado. Você percebeu isso cedo, e foi treinada para proteger o seu povo dos perigos com sua espada e escudo em mãos. Logo você foi forjada em batalha, e exibe as cicatrizes que provam isso.",
					"attributes": { "strength": "5", "agility": "4", "wits": "3", "empathy": "3" },
					"skills": { "might": "1", "melee": "2", "marksmanship": "2", "move": "1" }
				},
				"wanderer": {
					"key": "wanderer",
					"name": "Viajante",
					"weight": 1,
					"description": "Você não tinha um lar fixo, a estrada era sua casa e você aprendeu a encontrar abrigo da Névoa de Sangue a cada noite. Ainda criança, você viu mais das terras do que a maioria das pessoas.",
					"attributes": { "strength": "4", "agility": "4", "wits": "3", "empathy": "4" },
					"skills": {
						"endurance": "1",
						"melee": "1",
						"scouting": "1",
						"survival": "2",
						"animal-handling": "1"
					}
				},
				"laborer": {
					"key": "laborer",
					"name": "Trabalhadora",
					"weight": 1,
					"description": "Você trabalhou em uma fazenda realizando serviços braçais. Você sabe tudo sobre grãos, gado e colheitas. No fundo, porém, você almejava outra coisa.",
					"attributes": { "strength": "5", "agility": "3", "wits": "3", "empathy": "4" },
					"skills": { "might": "2", "melee": "1", "crafting": "1", "survival": "1", "animal-handling": "1" }
				},
				"herder": {
					"key": "herder",
					"name": "Pastora",
					"weight": 1,
					"description": "Você aprendeu em sua infância que a pecuária é a fonte da vida. Como aprendiz, você vagou pelas planícies ao redor da aldeia, guardando seu rebanho. Você passou suas noites dormindo próximo ao gado, sonhando com aventuras.",
					"attributes": { "strength": "4", "agility": "4", "wits": "3", "empathy": "4" },
					"skills": { "might": "1", "crafting": "1", "scouting": "2", "animal-handling": "2" }
				}
			}
		},
		"halfelf": {
			"key": "halfelf",
			"name": "Meio-Elfo",
			"weight": 3,
			"age": [
				[16, 30],
				[31, 100],
				[101, 200]
			],
			"talent": "Poder Mental",
			"childhood": {
				"on the run": {
					"key": "on the run",
					"name": "Em Fuga",
					"weight": 1,
					"description": "Você sempre esteve fugindo de alguma coisa. Nunca se sentiu segura e nunca teve um lar permanente. Você viajou de aldeia em aldeia nas Terras Proibidas, mas nunca dormiu com as costas para a porta.",
					"attributes": { "strength": "4", "agility": "5", "wits": "3", "empathy": "3" },
					"skills": { "melee": "1", "stealth": "2", "scouting": "2", "insight": "1" }
				},
				"artist": {
					"key": "artist",
					"name": "Artista",
					"weight": 1,
					"description": "Ainda criança, você descobriu que tinha talento para projetos artísticos. Foi nas atuações e nas artes que você encontrou a paz, e foi onde você viveu plenamente.",
					"attributes": { "strength": "3", "agility": "3", "wits": "4", "empathy": "5" },
					"skills": { "crafting": "2", "move": "1", "lore": "1", "performance": "2" }
				},
				"student": {
					"key": "student",
					"name": "Estudante",
					"weight": 1,
					"description": "Você sempre soube que era um pouco mais sábia que seus amigos. Quando um professor acadêmico a aceitou como aprendiz, você imergiu nos mistérios do mundo. O que você encontrou nos livros era tudo o que você tinha sonhado, e mais.",
					"attributes": { "strength": "3", "agility": "4", "wits": "5", "empathy": "3" },
					"skills": { "crafting": "1", "lore": "3", "insight": "1", "healing": "1" }
				},
				"acrobat": {
					"key": "acrobat",
					"name": "Acrobata",
					"weight": 1,
					"description": "Quando criança, você era ágil e rápida, e escalava qualquer lugar. Você explorou cada canto de sua aldeia natal, e aprendeu a arte da atuação e a importância da beleza nas Terras Proibidas.",
					"attributes": { "strength": "3", "agility": "5", "wits": "3", "empathy": "4" },
					"skills": { "stealth": "1", "move": "2", "sleight-of-hand": "2", "performance": "1" }
				},
				"fighter": {
					"key": "fighter",
					"name": "Lutadora",
					"weight": 1,
					"description": "Você descobriu ainda jovem que era talentosa com armas. Logo, você começou a treinar com um guerreiro que lhe ensinou os mistérios da batalha. Você treinou exaustivamente e por muito tempo, e com o tempo se equiparou ao seu mestre.",
					"attributes": { "strength": "4", "agility": "5", "wits": "3", "empathy": "3" },
					"skills": { "might": "1", "endurance": "1", "melee": "2", "marksmanship": "2" }
				},
				"ghost child": {
					"key": "ghost child",
					"name": "Criança Fantasma",
					"weight": 1,
					"description": "Você cresceu sem uma família ou casa de verdade. Em vez disso, você procurou por outros jovens que fugiram ou foram expulsos de casa. Vocês eram chamados de crianças fantasmas, e viviam de pequenos furtos e trabalhos irregulares.",
					"attributes": { "strength": "3", "agility": "4", "wits": "4", "empathy": "4" },
					"skills": { "melee": "1", "stealth": "2", "sleight-of-hand": "2", "insight": "1" }
				}
			}
		},
		"halfling": {
			"key": "halfling",
			"name": "Halfling",
			"weight": 3,
			"age": [
				[16, 25],
				[26, 60],
				[61, 100]
			],
			"talent": "Difícil de Acertar",
			"childhood": {
				"baker's apprentice": {
					"key": "baker's apprentice",
					"name": "Aprendiz de Padeiro",
					"weight": 1,
					"description": "Você sempre adorou o cheiro de pão quente saído do forno. Desde sua infância você trabalhou na cozinha, assando pães que fariam qualquer um salivar.",
					"attributes": { "strength": "4", "agility": "4", "wits": "3", "empathy": "4" },
					"skills": {
						"crafting": "2",
						"sleight-of-hand": "1",
						"lore": "1",
						"survival": "1",
						"performance": "1"
					}
				},
				"laborer": {
					"key": "laborer",
					"name": "Trabalhadora",
					"weight": 1,
					"description": "Você trabalhou em uma fazenda realizando serviços braçais. Você sabe tudo sobre grãos, gado e colheitas. No fundo, porém, você almejava outra coisa.",
					"attributes": { "strength": "4", "agility": "4", "wits": "3", "empathy": "4" },
					"skills": { "might": "2", "melee": "1", "crafting": "1", "survival": "1", "animal-handling": "1" }
				},
				"craftsman": {
					"key": "craftsman",
					"name": "Artesã",
					"weight": 1,
					"description": "Você sempre foi hábil com os dedos, e aprendeu cedo a dominar a manufatura. Você se expressa através dos objetos que você cria, mas eles também te fazem desejar os trabalhos dos verdadeiros mestres do ofício.",
					"attributes": { "strength": "3", "agility": "4", "wits": "4", "empathy": "4" },
					"skills": { "melee": "1", "crafting": "3", "lore": "1", "insight": "1" }
				},
				"raised in the kitchen": {
					"key": "raised in the kitchen",
					"name": "Criada na Cozinha",
					"weight": 1,
					"description": "Você passou quase toda a sua infância na cozinha. Entre as sopas, guisados e caldos, você aprendeu os segredos dos temperos e da refeição bem feita.",
					"attributes": { "strength": "4", "agility": "4", "wits": "3", "empathy": "4" },
					"skills": {
						"crafting": "2",
						"sleight-of-hand": "1",
						"lore": "1",
						"survival": "1",
						"animal-handling": "1"
					}
				},
				"bookworm": {
					"key": "bookworm",
					"name": "Rata de Biblioteca",
					"weight": 1,
					"description": "Enquanto as outras crianças brincavam na floresta, você preferia enterrar o nariz em livros antigos, lendo sobre mitos, dragões e tesouros.",
					"attributes": { "strength": "3", "agility": "3", "wits": "5", "empathy": "4" },
					"skills": { "lore": "3", "insight": "1", "manipulation": "1", "animal-handling": "1" }
				},
				"loner": {
					"key": "loner",
					"name": "Solitária",
					"weight": 1,
					"description": "Você nunca se sentiu em casa em meio ao seu povo, e sempre se manteve reservada. Você cresceu nas sombras de seus camaradas, mas viu coisas que eles não viram e fez coisas que eles nem imaginam.",
					"attributes": { "strength": "4", "agility": "4", "wits": "4", "empathy": "3" },
					"skills": {
						"melee": "1",
						"stealth": "2",
						"sleight-of-hand": "1",
						"scouting": "1",
						"manipulation": "1"
					}
				}
			}
		},
		"goblin": {
			"key": "goblin",
			"name": "Goblin",
			"weight": 4,
			"age": [
				[16, 25],
				[26, 60],
				[61, 100]
			],
			"talent": "Noturno",
			"childhood": {
				"wolfling": {
					"key": "wolfling",
					"name": "Cria de Lobo",
					"weight": 1,
					"description": "Seus pais te abandonaram quando você era criança, mas você encontrou um novo lar com a alcateia. Você se unificou com os lobos, uivando para a lua, correndo pelas planícies e devorando carne crua.",
					"attributes": { "strength": "3", "agility": "5", "wits": "3", "empathy": "4" },
					"skills": { "endurance": "1", "melee": "1", "stealth": "1", "move": "1", "animal-handling": "2" }
				},
				"scrounger": {
					"key": "scrounger",
					"name": "Surrupiadora",
					"weight": 1,
					"description": "Você aprendeu quando ainda era criança que a propriedade sobre objetos não passa de uma ilusão. Você sempre teve talento para conseguir coisas que não eram suas. É como se elas... aparecessem.",
					"attributes": { "strength": "3", "agility": "5", "wits": "3", "empathy": "4" },
					"skills": { "stealth": "2", "scouting": "2", "insight": "1", "manipulation": "1" }
				},
				"child of the woods": {
					"key": "child of the woods",
					"name": "Criança do Mato",
					"weight": 1,
					"description": "Você cresceu sob a cobertura da floresta. Você escalou árvores e sentiu o vento passando entre as folhas. É na floresta que você se sente segura, e você sabe que as criaturas da floresta sempre te protegerão.",
					"attributes": { "strength": "4", "agility": "4", "wits": "4", "empathy": "3" },
					"skills": { "endurance": "1", "move": "1", "marksmanship": "1", "scouting": "1", "survival": "2" }
				},
				"wildling": {
					"key": "wildling",
					"name": "Criança Selvagem",
					"weight": 1,
					"description": "O seu clã era um grupo de dissidentes que não ligava para antigas linhagens e pactos. Você cresceu livre e selvagem, e nunca deixou alguém te dizer o que fazer.",
					"attributes": { "strength": "4", "agility": "4", "wits": "3", "empathy": "4" },
					"skills": { "might": "1", "melee": "2", "move": "2", "survival": "1" }
				},
				"wanderer": {
					"key": "wanderer",
					"name": "Viajante",
					"weight": 1,
					"description": "Você não tinha um lar fixo, a estrada era sua casa e você aprendeu a encontrar abrigo da Névoa de Sangue a cada noite. Ainda criança, você viu mais das terras do que a maioria das pessoas.",
					"attributes": { "strength": "4", "agility": "4", "wits": "4", "empathy": "3" },
					"skills": {
						"endurance": "1",
						"melee": "1",
						"scouting": "1",
						"survival": "2",
						"animal-handling": "1"
					}
				},
				"storyteller": {
					"key": "storyteller",
					"name": "Contadora de Histórias",
					"weight": 1,
					"description": "Como uma pequena goblin, você se sentava junto ao fogo, de olhos vidrados, ouvindo as lendas de seu povo sendo contadas pelo ancião do clã. Em sua mente, você viajou pelo espaço e pelo tempo, vivendo histórias fantásticas. Você aprendeu tudo o que pôde do velho goblin, e não demorou para que você mesma se tornasse a contadora de histórias do clã.",
					"attributes": { "strength": "3", "agility": "4", "wits": "3", "empathy": "5" },
					"skills": { "lore": "1", "manipulation": "2", "performance": "3" }
				}
			}
		},
		"orc": {
			"key": "orc",
			"name": "Orc",
			"weight": 4,
			"age": [
				[13, 20],
				[21, 45],
				[46, 70]
			],
			"talent": "Imbatível",
			"childhood": {
				"minstrel": {
					"key": "minstrel",
					"name": "Menestrel",
					"weight": 1,
					"description": "Foi nas histórias de sofrimento do seu povo que você se encontrou. Na juventude, você aprendeu canções sobre a traição dos elfos e do sangue derramado nas guerras. Você nunca se esquecerá.",
					"attributes": { "strength": "3", "agility": "3", "wits": "4", "empathy": "5" },
					"skills": { "lore": "1", "insight": "1", "manipulation": "1", "performance": "1" }
				},
				"worker": {
					"key": "worker",
					"name": "Trabalhadora",
					"weight": 1,
					"description": "A vida era difícil, mesmo como uma jovem orc. Você trabalhou desde que consegue se lembrar, se esforçando para poder viver da maneira que queria.",
					"attributes": { "strength": "5", "agility": "4", "wits": "3", "empathy": "3" },
					"skills": { "might": "2", "endurance": "2", "crafting": "2" }
				},
				"brigand": {
					"key": "brigand",
					"name": "Bandido",
					"weight": 1,
					"description": "Uma orc forte é uma orc que consegue se virar sozinha. Você percebeu cedo que precisaria roubar para viver. E por que não? Orcs foram traídos várias vezes.",
					"attributes": { "strength": "4", "agility": "4", "wits": "4", "empathy": "3" },
					"skills": { "melee": "2", "stealth": "1", "sleight-of-hand": "1", "scouting": "1", "survival": "1" }
				},
				"drifter": {
					"key": "drifter",
					"name": "Andarilha",
					"weight": 1,
					"description": "Você cresceu na estrada, na floresta e nas planícies. Viajando de dia e se escondendo da Névoa de Sangue à noite. Você nunca conseguiu se estabelecer em um lugar. Suas pernas inquietas não deixam.",
					"attributes": { "strength": "4", "agility": "4", "wits": "3", "empathy": "4" },
					"skills": {
						"endurance": "1",
						"melee": "1",
						"scouting": "1",
						"survival": "2",
						"animal-handling": "1"
					}
				},
				"warrior": {
					"key": "warrior",
					"name": "Guerreira",
					"weight": 1,
					"description": "Você cresceu no campo de batalha. Já havia matado seu primeiro inimigo quando ainda era uma jovem orc. Foi com uma arma em punho que você se sentiu respeitada pela primeira vez.",
					"attributes": { "strength": "5", "agility": "4", "wits": "3", "empathy": "3" },
					"skills": { "might": "1", "melee": "2", "marksmanship": "2", "move": "1" }
				},
				"loner": {
					"key": "loner",
					"name": "Solitária",
					"weight": 1,
					"description": "Você nunca se sentiu em casa em meio ao seu povo, e sempre se manteve reservada. Você cresceu nas sombras de seus camaradas, mas viu coisas que eles não viram e fez coisas que eles nem imaginam.",
					"attributes": { "strength": "4", "agility": "3", "wits": "5", "empathy": "3" },
					"skills": { "melee": "1", "scouting": "1", "insight": "2", "survival": "2" }
				}
			}
		},
		"wolfkin": {
			"key": "wolfkin",
			"name": "Lupino",
			"weight": 2,
			"age": [
				[13, 20],
				[21, 40],
				[41, 65]
			],
			"talent": "Instintos de Caçador",
			"childhood": {
				"howler": {
					"key": "howler",
					"name": "Uivadora",
					"weight": 1,
					"description": "Você cresceu entre os uivadores, que são lupinos que se mudavam entre os clãs, sendo seus próprios mestres, sempre livres. Você foi treinada para contar as lendas trágicas repassadas por gerações pelos uivadores.",
					"attributes": { "strength": "3", "agility": "4", "wits": "4", "empathy": "4" },
					"skills": { "lore": "1", "manipulation": "1", "performance": "3", "survival": "1" }
				},
				"hunter": {
					"key": "hunter",
					"name": "Caçadora",
					"weight": 1,
					"description": "Ainda como um filhote, você aprendeu que sangue é vida. Os caçadores mais velhos do clã te ensinaram a respeitar os animais, mesmo quando você os mata. A caçada é a base da vida.",
					"attributes": { "strength": "4", "agility": "4", "wits": "4", "empathy": "3" },
					"skills": { "endurance": "1", "melee": "1", "scouting": "2", "survival": "2" }
				},
				"outcast": {
					"key": "outcast",
					"name": "Pária",
					"weight": 1,
					"description": "Quando os outros filhotes acompanharam a alcateia, você foi exilada. Sozinha, você aprendeu a viver da floresta, e que outras ascendências podiam ser mais gentis que a sua própria. Um dia, você encontrará o caminho para casa.",
					"attributes": { "strength": "4", "agility": "3", "wits": "5", "empathy": "3" },
					"skills": { "melee": "1", "scouting": "1", "insight": "2", "survival": "2" }
				},
				"tracker": {
					"key": "tracker",
					"name": "Rastreadora",
					"weight": 1,
					"description": "Você aprendeu cedo que o seu faro era melhor do que o de seus camaradas, e logo percebeu que poderia encontrar coisas incríveis se apenas o seguisse.",
					"attributes": { "strength": "3", "agility": "4", "wits": "5", "empathy": "3" },
					"skills": { "stealth": "2", "scouting": "3", "survival": "1" }
				},
				"fighter": {
					"key": "fighter",
					"name": "Lutadora",
					"weight": 1,
					"description": "Você era a mais forte da ninhada, e dominou completamente os jogos entre irmãos. Enquanto crescia, os anciões do clã viram que você era uma lutadora natural, e a treinaram para compreender os segredos da batalha.",
					"attributes": { "strength": "5", "agility": "4", "wits": "3", "empathy": "3" },
					"skills": { "might": "2", "melee": "3", "move": "1" }
				},
				"child of the forest": {
					"key": "child of the forest",
					"name": "Criança da Floresta",
					"weight": 1,
					"description": "Desde que você era uma criança, foi atraída pelas frutas da floresta, pelas flores, ervas e lagos. Você aprendeu tudo o que pôde do herbalista do clã: o cheiro de cada flor, e quais plantas nutriam vida — ou acabavam com ela..",
					"attributes": { "strength": "3", "agility": "4", "wits": "4", "empathy": "4" },
					"skills": { "lore": "2", "scouting": "1", "survival": "3" }
				}
			}
		},
		"dwarf": {
			"key": "dwarf",
			"name": "Anão",
			"weight": 2,
			"age": [
				[20, 40],
				[41, 80],
				[81, 160]
			],
			"talent": "Bravura Indômita",
			"childhood": {
				"smith's apprentice": {
					"key": "smith's apprentice",
					"name": "Aprendiz de Ferreiro",
					"weight": 1,
					"description": "Sempre foi no calor escaldante da forja que você se sentiu em casa. Você aprendeu o enigma do aço durante muitos e longos dias sob o brilho do fogo.",
					"attributes": { "strength": "5", "agility": "3", "wits": "4", "empathy": "3" },
					"skills": { "might": "1", "endurance": "1", "melee": "1", "crafting": "3" }
				},
				"mineborn": {
					"key": "mineborn",
					"name": "Nascido na Mina",
					"weight": 1,
					"description": "Ainda criança, você aprendeu a se guiar na escuridão do subterrâneo. Era na presença da rocha e do frio que você se sentia em casa.",
					"attributes": { "strength": "4", "agility": "4", "wits": "4", "empathy": "3" },
					"skills": { "endurance": "2", "crafting": "1", "scouting": "1", "survival": "2" }
				},
				"scout's apprentice": {
					"key": "scout's apprentice",
					"name": "Aprendiz de Batedor",
					"weight": 1,
					"description": "Você sempre foi perceptiva e curiosa. Logo, isso chamou a atenção dos membros do clã, e você foi escolhida para se tornar aprendiz de batedor. Muitos dias foram gastos enquanto você se escondia e vigiava os perigos das Terras Proibidas.",
					"attributes": { "strength": "4", "agility": "4", "wits": "4", "empathy": "3" },
					"skills": { "melee": "1", "stealth": "2", "scouting": "2", "survival": "1" }
				},
				"guardian": {
					"key": "guardian",
					"name": "Guardiã em Treinamento",
					"weight": 1,
					"description": "Você foi escolhida para ser uma guardiã em treinamento, servindo como algo parecido com um escudeiro de um orgulhoso guerreiro anão. Foi um trabalho árduo, mas também foi educativo. O seu mestre te ensinou a manejar armas, a ser corajosa e a se manter orgulhosa — não importa os perigos que enfrente.",
					"attributes": { "strength": "5", "agility": "4", "wits": "3", "empathy": "3" },
					"skills": { "might": "2", "endurance": "1", "melee": "2", "marksmanship": "1" }
				},
				"carver": {
					"key": "carver",
					"name": "Escultora",
					"weight": 1,
					"description": "Anões sempre escavaram para baixo, mas também para dentro de si. Criaram vida a partir da pedra. Quando criança, você sempre foi fascinada pela arte de esculpir a montanha de acordo com sua vontade. Você se tornou uma escultora, uma engenheira e construtora, que trabalha tanto com a mente como com força bruta.",
					"attributes": { "strength": "4", "agility": "3", "wits": "5", "empathy": "3" },
					"skills": { "might": "1", "crafting": "2", "lore": "2", "survival": "1" }
				},
				"hard studies": {
					"key": "hard studies",
					"name": "Estudante Dedicada",
					"weight": 1,
					"description": "Um sábio te colocou sob sua tutela e te orientou nos estudos dos escritos antigos. Os dias eram longos e o aprendizado era difícil, mas ao fim você aprendeu que o conhecimento é a chave para o mundo.",
					"attributes": { "strength": "3", "agility": "3", "wits": "5", "empathy": "4" },
					"skills": { "crafting": "1", "lore": "3", "insight": "1", "manipulation": "1" }
				}
			}
		},
		"elf": {
			"key": "elf",
			"name": "Elfo",
			"weight": 2,
			"age": [
				[20, 40],
				[41, 200],
				[201, 400]
			],
			"talent": "Paz Interior",
			"childhood": {
				"loner": {
					"key": "loner",
					"name": "Solitária",
					"weight": 1,
					"description": "Você nunca se sentiu em casa em meio ao seu povo, e sempre se manteve reservada. Você cresceu nas sombras de seus camaradas, mas viu coisas que eles não viram e fez coisas que eles nem imaginam.",
					"attributes": { "strength": "4", "agility": "3", "wits": "5", "empathy": "3" },
					"skills": { "melee": "1", "scouting": "1", "insight": "2", "survival": "2" }
				},
				"fighter": {
					"key": "fighter",
					"name": "Lutadora",
					"weight": 1,
					"description": "Você descobriu ainda jovem que era talentosa com armas. Logo você começou a treinar com um guerreiro que lhe ensinou os mistérios da batalha. Você treinou exaustivamente e por muito tempo, e com o tempo se equiparou ao seu mestre.",
					"attributes": { "strength": "4", "agility": "5", "wits": "3", "empathy": "3" },
					"skills": { "might": "1", "endurance": "1", "melee": "2", "marksmanship": "2" }
				},
				"child of the forest": {
					"key": "child of the forest",
					"name": "Criança da Floresta",
					"weight": 1,
					"description": "Desde que você era uma criança, foi atraída pelas frutas da floresta, pelas flores, ervas e lagos. Você aprendeu tudo o que pôde do herbalista do clã: o cheiro de cada flor, e quais plantas nutriam vida — ou acabavam com ela.",
					"attributes": { "strength": "3", "agility": "4", "wits": "4", "empathy": "4" },
					"skills": { "lore": "2", "scouting": "1", "survival": "3" }
				},
				"hard studies": {
					"key": "hard studies",
					"name": "Estudante Dedicada",
					"weight": 1,
					"description": "Um sábio te colocou sob sua tutela e te orientou nos estudos dos escritos antigos. Os dias eram longos e o aprendizado era difícil, mas ao fim você aprendeu que o conhecimento é a chave para o mundo.",
					"attributes": { "strength": "3", "agility": "3", "wits": "5", "empathy": "4" },
					"skills": { "crafting": "1", "lore": "3", "insight": "1", "manipulation": "1" }
				},
				"wanderer": {
					"key": "wanderer",
					"name": "Viajante",
					"weight": 1,
					"description": "Você não teve um lar fixo em sua vida, a estrada era sua casa e você aprendeu a encontrar abrigo da Névoa de Sangue a cada noite. Ainda criança, você viu mais das terras do que a maioria das pessoas.",
					"attributes": { "strength": "4", "agility": "4", "wits": "3", "empathy": "4" },
					"skills": {
						"endurance": "1",
						"melee": "1",
						"scouting": "1",
						"survival": "2",
						"animal-handling": "1"
					}
				},
				"druid's apprentice": {
					"key": "druid's apprentice",
					"name": "Aprendiz de Druida",
					"weight": 1,
					"description": "Você era aprendiz de um druida, e aprendeu tudo o que pôde sobre os mistérios sagrados, sobre rituais e feitiçaria. Seu mestre morreu há muito tempo, mas você ainda lembra de suas palavras.",
					"attributes": { "strength": "3", "agility": "4", "wits": "5", "empathy": "3" },
					"skills": { "scouting": "1", "lore": "1", "survival": "2", "healing": "1", "animal-handling": "1" }
				}
			}
		}
	},
	"profession": {
		"druid": {
			"key": "druid",
			"name": "Druida",
			"weight": 1,
			"paths": ["Caminho da Cura", "Caminho do Metamorfo", "Caminho da Visão"],
			"equipment": [["Bastão", "Faca"], "Bens de Comércio"],
			"consumables": { "food": 8, "water": 6, "arrows": 0, "torches": 0 },
			"currency": { "gold": 0, "silver": 6, "copper": 0 },
			"formativeEvents": {
				"pilgrimage": {
					"key": "pilgrimage",
					"name": "Peregrinação",
					"weight": 1,
					"description": "Você realizou uma peregrinação que a levou pelas Terras Proibidas, desafiando a terrível Névoa de Sangue. Você quase não sobreviveu, e alcançou seu destino após muitas dificuldades. Você nunca esquecerá sua perigosa jornada.",
					"items": "✣ Receba um bastão, uma mochila e um cantil.",
					"skills": { "lore": "1", "survival": "1" },
					"talent": "Andarilho"
				},
				"hunted": {
					"key": "hunted",
					"name": "Caçada",
					"weight": 1,
					"description": "Algo aconteceu, forçando-a a fugir para salvar sua vida. Talvez você tenha desagradado a pessoa errada, ou talvez tenha sido acusada de algo que não fez.",
					"items": "✣ Receba D3 doses de veneno sonífero e uma adaga.",
					"skills": { "melee": "1", "move": "1" },
					"talent": "Sexto Sentido"
				},
				"unexpected find": {
					"key": "unexpected find",
					"name": "Achado Inesperado",
					"weight": 1,
					"description": "Você encontrou um tesouro marcado com o sinal do seu deus. Você viu isso como um sinal de que sua missão é justa, mas outros não a veem da mesma forma. Talvez ainda haja alguém procurando pelo tesouro.",
					"items": "✣ Role uma vez na tabela de Itens Valiosos em um Covil, role novamente se o resultado for abaixo de 32.",
					"skills": { "crafting": "1", "survival": "1" },
					"talent": "Sortudo"
				},
				"studied with a master": {
					"key": "studied with a master",
					"name": "Estudou com um Mestre",
					"weight": 1,
					"description": "Um sábio druida te tomou como aprendiz, e lhe ensinou por um longo período. Foi uma época intensa, mas também educativa. Talvez seu mestre ainda esteja vivo em algum lugar, ou talvez ele tenha sido morto pela Guarda de Ferro.",
					"items": "✣ Receba pergaminho, pena e tinta.",
					"skills": { "lore": "1", "healing": "1" },
					"talent": "Língua Afiada"
				},
				"protected the forest": {
					"key": "protected the forest",
					"name": "Protegeu uma Floresta",
					"weight": 1,
					"description": "Você tomou para si a obrigação de defender uma floresta contra o mal e a violência de forasteiros. Você viveu sob a cobertura das orgulhosas árvores, em união com os seres da floresta.",
					"items": "✣ Receba um arco curto e um Dado de Recurso D12 para flechas.",
					"skills": { "marksmanship": "1", "animal-handling": "1" },
					"talent": "Herbalista"
				},
				"lived as a hermit": {
					"key": "lived as a hermit",
					"name": "Viveu como Eremita",
					"weight": 1,
					"description": "Você buscou a beleza da natureza, longe dos conflitos violentos das Terras Proibidas. Quando você finalmente voltou para a terra, você o fez com força renovada.",
					"items": "✣ Receba uma tenda e uma cozinha de campo.",
					"skills": { "endurance": "1", "survival": "1" },
					"talent": "Desbravador"
				}
			}
		},
		"fighter": {
			"key": "fighter",
			"name": "Guerreiro",
			"weight": 1,
			"paths": ["Caminho da Lâmina", "Caminho do Inimigo", "Caminho do Escudo"],
			"equipment": ["Uma arma de uma mão", "Armadura de couro batido,", "Bens de Comércio"],
			"consumables": { "food": 8, "water": 8, "arrows": 0, "torches": 0 },
			"currency": { "gold": 0, "silver": 6, "copper": 0 },
			"formativeEvents": {
				"captured": {
					"key": "captured",
					"name": "Capturada",
					"weight": 1,
					"description": "Você foi vergonhosamente capturada por inimigos. Você foi jogada em uma masmorra para ser esquecida e morrer. Quando a oportunidade surgiu, você escapou.",
					"items": "✣ Receba uma armadura de couro batido e uma espada curta.",
					"skills": { "might": "1", "survival": "1" },
					"talent": "Resistente à Dor"
				},
				"bloody battle": {
					"key": "bloody battle",
					"name": "Batalha Sangrenta",
					"weight": 1,
					"description": "Você participou de uma batalha terrível e foi gravemente ferida. Quando amanheceu, seus amigos haviam sido mortos e você foi deixada para os pássaros carniceiros.",
					"items": "✣ Receba uma espada longa.",
					"skills": { "melee": "2" },
					"talent": "Mestre em Espadas"
				},
				"a long march": {
					"key": "a long march",
					"name": "Uma Longa Marcha",
					"weight": 1,
					"description": "Você se alistou como soldada e marchou pelas Terras Proibidas. Você mal se lembra pelo que lutou, ou quem eram seus inimigos. Mas se lembra de como a Névoa de Sangue capturou seus aliados, um a um.",
					"items": "✣ Receba uma tenda, um caldeirão e uma machadinha.",
					"skills": { "survival": "1", "healing": "1" },
					"talent": "Empacotador"
				},
				"on horseback": {
					"key": "on horseback",
					"name": "Sobre um Cavalo",
					"weight": 1,
					"description": "Você aprendeu a montar e se alistou como uma cavaleira de um lorde. Você lutou em refregas, patrulhou e guardou o território contra inimigos.",
					"items": "✣ Receba uma montaria à sua escolha, exceto um cavalo de guerra.",
					"skills": { "melee": "1", "animal-handling": "1" },
					"talent": "Mestre da Montaria"
				},
				"scout": {
					"key": "scout",
					"name": "Batedora",
					"weight": 1,
					"description": "Você se alistou com um grupo de soldados e foi colocada na vanguarda como batedora. Sua tarefa era avistar o inimigo antes que eles avistassem vocês, e você era boa nisso. Talvez algo tenha acontecido com os seus companheiros, talvez apenas uma vez você não tenha prestado atenção.",
					"items": "✣ Receba uma besta leve e um Dado de Recursos D12 para flechas.",
					"skills": { "scouting": "1", "marksmanship": "1" },
					"talent": "Defensor"
				},
				"commander": {
					"key": "commander",
					"name": "Comandante",
					"weight": 1,
					"description": "Você comandou um esquadrão de soldados. Seus camaradas te admiravam e morreriam por você. Mas algo aconteceu, talvez você tenha sido traída, ou derrotada em uma emboscada. Seus camaradas morreram ou fugiram, mas você sobreviveu.",
					"items": "✣ Receba uma cota de malha, um elmo fechado e uma espada larga.",
					"skills": { "lore": "1", "manipulation": "1" },
					"talent": "Sangue Frio"
				}
			}
		},
		"hunter": {
			"key": "hunter",
			"name": "Caçador",
			"weight": 1,
			"paths": ["Caminho da Flecha", "Caminho da Fera", "Caminho da Floresta"],
			"equipment": [["Arco", "Funda"], "Bens de Comércio", "Bens de Comércio"],
			"consumables": { "food": 8, "water": 8, "arrows": 10, "torches": 0 },
			"currency": { "gold": 0, "silver": 6, "copper": 0 },
			"formativeEvents": {
				"hunted a beast": {
					"key": "hunted a beast",
					"name": "Caçou uma Fera",
					"weight": 1,
					"description": "A caçada era tudo que importava. Você rastreou a fera por terra, água e pelas montanhas. Às vezes os papéis se invertiam, e talvez você fosse a presa.",
					"items": "✣ Receba uma lança curta e uma armadilha de urso.",
					"skills": { "melee": "1", "scouting": "1" },
					"talent": "Mestre em Lanças"
				},
				"lived off the forest": {
					"key": "lived off the forest",
					"name": "Viveu da Floresta",
					"weight": 1,
					"description": "Você vivia em uma floresta e vivia dela. Durante os dias você caçava, e à noite dormia sob o céu aberto. Era uma vida boa e simples, mas um dia ela teve que acabar.",
					"items": "✣ Receba uma azagaia e uma adaga.",
					"skills": { "marksmanship": "1", "survival": "1" },
					"talent": "Mestre da Caçada"
				},
				"tamed a mount": {
					"key": "tamed a mount",
					"name": "Domou uma Montaria",
					"weight": 1,
					"description": "Você capturou um cavalo selvagem (ou outro animal adequado). Não foi fácil, mas depois de um longo tempo você domou a criatura e logo se tornaram inseparáveis.",
					"items": "✣ Receba uma montaria à sua escolha, exceto um cavalo de guerra. Você também recebe um bastão.",
					"skills": { "animal-handling": "2" },
					"talent": "Mestre da Montaria"
				},
				"won an archery competition": {
					"key": "won an archery competition",
					"name": "Ganhou uma Competição de Arquearia",
					"weight": 1,
					"description": "Você percebeu ainda cedo que tinha talento para arquearia, e treinou para se tornar ainda melhor. Quando visitou uma aldeia ou um castelo, você ganhou uma competição de arquearia.",
					"items": "✣ Receba um arco longo e um Dado de Recurso D12 para flechas.",
					"skills": { "marksmanship": "2" },
					"talent": "Atirador Preciso"
				},
				"guide": {
					"key": "guide",
					"name": "Guia",
					"weight": 1,
					"description": "Você emprestou sua habilidade de guia para aqueles que pagavam mais. Você guiou caravanas de mascates, tropas de soldados e aventureiros curiosos. Você aprendeu a evitar a Névoa de Sangue e a sobreviver da terra.",
					"items": "✣ Receba uma tenda, um caldeirão e uma faca.",
					"skills": { "scouting": "2" },
					"talent": "Desbravador"
				},
				"hunted for a lord": {
					"key": "hunted for a lord",
					"name": "Caçava para um Lorde",
					"weight": 1,
					"description": "Um nobre percebeu suas habilidades e a contratou como guarda-caça. Você viveu uma boa vida: a metade do tempo ficava em conforto no castelo do lorde, e a outra metade caçando na mata.",
					"items": "✣ Receba um manto bem feito, cobertor de peles, um arco curto, e um Dado de Recurso D8 para flechas.",
					"skills": { "marksmanship": "1", "insight": "1" },
					"talent": "Sexto Sentido"
				}
			}
		},
		"minstrel": {
			"key": "minstrel",
			"name": "Menestrel",
			"weight": 1,
			"paths": ["Caminho do Hino", "Caminho da Canção ", "Caminho do Grito de Guerra"],
			"equipment": [["Lira", "Flauta"], "Faca", "Bens de Comércio"],
			"consumables": { "food": 8, "water": 6, "arrows": 0, "torches": 0 },
			"currency": { "gold": 0, "silver": 8, "copper": 0 },
			"formativeEvents": {
				"wrote a popular ballad": {
					"key": "wrote a popular ballad",
					"name": "Escreveu uma Balada Popular",
					"weight": 1,
					"description": "Uma balada ou uma história que você escreveu se tornou imensamente popular nos arredores. Até hoje, você ouve menestréis locais tocando sua canção.",
					"items": "✣ Receba pena, tinta e pergaminho.",
					"skills": { "manipulation": "1", "performance": "1" },
					"talent": "Sortudo"
				},
				"worked as a minstrel": {
					"key": "worked as a minstrel",
					"name": "Trabalhou como Menestrel",
					"weight": 1,
					"description": "Você usou seus talentos artísticos para viver como uma menestrel, de fato. Talvez você fosse do tipo itinerante, talvez trabalhasse em um local mais permanente, como uma taverna ou um castelo.",
					"items": "✣ Receba um alaúde.",
					"skills": { "performance": "2" },
					"talent": "Língua Afiada"
				},
				"inspirational journey": {
					"key": "inspirational journey",
					"name": "Jornada Inspiradora",
					"weight": 1,
					"description": "Você saiu em jornada, de aldeia em aldeia, para aprender sobre as ascendências, as culturas e as lendas. Em sua jornada você encontrou muitas aventuras, escapou da Névoa de Sangue e juntou material suficiente para preencher um pequeno livro de baladas.",
					"items": "✣ Receba uma pequena tenda, um cobertor e um caldeirão.",
					"skills": { "lore": "1", "survival": "1" },
					"talent": "Destemido"
				},
				"sang for a lord": {
					"key": "sang for a lord",
					"name": "Cantava para um Lorde",
					"weight": 1,
					"description": "O seu talento chamou a atenção de um lorde local e ele te ofereceu uma posição de artista em sua corte. O tempo que você passou no castelo foi cheio de vinho, comidas deliciosas e o tilintar da prata, mas também foi cheio de intriga, assassinatos e inveja.",
					"items": "✣ Receba roupas finas e uma adaga.",
					"skills": { "insight": "1", "performance": "1" },
					"talent": "Sexto Sentido"
				},
				"enlisted": {
					"key": "enlisted",
					"name": "Alistada",
					"weight": 1,
					"description": "A vida mudou inesperadamente e você acabou alistada em uma companhia de soldados. A vida no acampamento era dura, mas você fez amizades duradouras e aprendeu a viver da terra.",
					"items": "✣ Receba uma armadura de couro, um elmo aberto, um arco curto e um Dado de Recurso D8 para flechas.",
					"skills": { "melee": "1", "survival": "1" },
					"talent": "Defensor"
				},
				"dueled a rival": {
					"key": "dueled a rival",
					"name": "Duelou contra um Rival",
					"weight": 1,
					"description": "Um rival via você como um incômodo. Por um período, os seus destinos se entrelaçaram de maneiras muito complicadas, até chegar ao ponto que era o limite. Você foi desafiada para um duelo e foi ferida. Talvez o seu rival ainda esteja por aí.",
					"items": "✣ Receba uma espada curta.",
					"skills": { "melee": "1", "healing": "1" },
					"talent": "Mestre em Espadas"
				}
			}
		},
		"peddler": {
			"key": "peddler",
			"name": "Mascate",
			"weight": 1,
			"paths": ["Caminho do Ouro", "Caminho da Mentira", "Caminho das Muitas Coisas"],
			"equipment": ["Faca", "Bens de Comércio", "Bens de Comércio", "Bens de Comércio"],
			"consumables": { "food": 8, "water": 8, "arrows": 0, "torches": 0 },
			"currency": { "gold": 0, "silver": 12, "copper": 0 },
			"formativeEvents": {
				"caravan": {
					"key": "caravan",
					"name": "Caravana",
					"weight": 1,
					"description": "Você fazia parte de uma caravana de comércio que viajava pela Névoa de Sangue. A caravana encontrou muitos perigos, perdendo muitos membros para a Névoa de Sangue. Nem todos chegavam ao destino da viagem. Talvez alguém tenha sido abandonado.",
					"items": "✣ Receba um burro e uma faca.",
					"skills": { "animal-handling": "1", "manipulation": "1" },
					"talent": "Andarilho"
				},
				"local business": {
					"key": "local business",
					"name": "Negócio Local",
					"weight": 1,
					"description": "Você viu uma oportunidade financeira e tirou o máximo de proveito dela. Talvez tenha importado frutas para o castelo de um lorde, talvez tenha vendido tecidos de Amiendar. Os negócios foram muito bem — por um tempo.",
					"items": "✣ Receba uma carroça e um bastão.",
					"skills": { "insight": "1", "manipulation": "1" },
					"talent": "Sortudo"
				},
				"cheated": {
					"key": "cheated",
					"name": "Trapaceada",
					"weight": 1,
					"description": "Um companheiro no qual você confiava a enganou e a deixou sem nada. Você aprendeu uma lição importante da maneira difícil, e teve que gastar um bom tempo reconstruindo a sua vida a partir das ruínas. Talvez seu antigo companheiro ainda esteja vivo.",
					"items": "✣ Receba uma tenda pequena, um cobertor e um caldeirão.",
					"skills": { "insight": "2" },
					"talent": "Incorruptível"
				},
				"side mission": {
					"key": "side mission",
					"name": "Missão Secundária",
					"weight": 1,
					"description": "Você se juntou a um grupo de aventureiros e foi se aventurar nas Terras Proibidas. Você enfrentou muitos perigos, evitando a Névoa de Sangue que tomou a vida de muitos de seus amigos, e aprendeu muito sobre si mesma no caminho.",
					"items": "✣ Receba uma cota de malha e uma espada curta.",
					"skills": { "melee": "1", "lore": "1" },
					"talent": "Destemido"
				},
				"smuggler": {
					"key": "smuggler",
					"name": "Contrabandista",
					"weight": 1,
					"description": "Você ganhava muita prata ao contrabandear entre os assentamentos das Terras Proibidas, sempre evitando a Irmandade Enferrujada e a Névoa de Sangue. Você aprendeu a importância de ser discreta e de evitar atenção a qualquer custo.",
					"items": "✣ Receba uma luneta e uma adaga.",
					"skills": { "scouting": "1", "insight": "1" },
					"talent": "Sexto Sentido"
				},
				"ran a shop": {
					"key": "ran a shop",
					"name": "Tinha uma Loja",
					"weight": 1,
					"description": "Você escolheu se assentar em uma aldeia e gerenciar uma loja por um período da sua vida. Você conseguia viver dela, mas não muito bem. Por fim, você percebeu que a vida pacata não era para você.",
					"items": "✣ Receba uma balança, pena, tinta e pergaminho.",
					"skills": { "manipulation": "2" },
					"talent": "Língua Afiada"
				}
			}
		},
		"rider": {
			"key": "rider",
			"name": "Ginete",
			"weight": 1,
			"paths": ["Caminho do Companheiro", "Caminho do Cavaleiro", "Caminho das Planícies"],
			"equipment": ["Cavalo", ["Lança", "Machadinha"], ["Arco curto", "Funda"], "Bens de Comércio"],
			"consumables": { "food": 8, "water": 8, "arrows": 10, "torches": 0 },
			"currency": { "gold": 0, "silver": 6, "copper": 0 },
			"formativeEvents": {
				"enlisted": {
					"key": "enlisted",
					"name": "Alistada",
					"weight": 1,
					"description": "Você se juntou a uma companhia de soldados. Talvez você tenha se juntado por vontade própria, talvez tenha sido recrutada. Com seus camaradas você enfrentou muitas dificuldades: batalhas, cercos e a temida Névoa de Sangue. Por fim, algo te fez deixar a companhia.",
					"items": "✣ Receba uma armadura de couro batido, um escudo grande e uma lança curta.",
					"skills": { "melee": "1", "marksmanship": "1" },
					"talent": "Mestre da Montaria"
				},
				"competed": {
					"key": "competed",
					"name": "Competidora",
					"weight": 1,
					"description": "Você ganhava a vida como uma montadora competitiva, e viajava de aldeia em aldeia, castelo em castelo, para competir contra outros montadores. Enquanto você vencia, a vida foi boa, mas quando começou a perder, chegou a hora de mudar de vida.",
					"items": "✣ Receba um manto e uma adaga.",
					"skills": { "move": "1", "animal-handling": "1" },
					"talent": "Pés Ligeiros"
				},
				"traveled the land": {
					"key": "traveled the land",
					"name": "Viajou pela Terra",
					"weight": 1,
					"description": "O desejo de aventura a tomou, e você saiu em uma longa viagem pelas Terras Proibidas, desafiando a mortal Névoa de Sangue. Você cavalgou através de terras devastadas e de tempestades  sombrias, e desafiou muitos perigos.",
					"items": "✣ Recebe uma tenda pequena, um caldeirão e um cobertor.",
					"skills": { "survival": "1", "scouting": "1" },
					"talent": "Herbalista"
				},
				"caravan guard": {
					"key": "caravan guard",
					"name": "Guarda de Caravana",
					"weight": 1,
					"description": "Você se empregou como uma guarda de caravana, escoltando mascates de aldeia em aldeia através de florestas sombrias e altas montanhas, sempre evitando a Névoa de Sangue.",
					"items": "✣ Receba uma lança longa.",
					"skills": { "melee": "1", "scouting": "1" },
					"talent": "Desbravador"
				},
				"cattle herder": {
					"key": "cattle herder",
					"name": "Boiadeira",
					"weight": 1,
					"description": "Você levava os rebanhos para pastos verdes. Durante o dia, você guardava o rebanho montada em seu cavalo. À noite, você garantia que a Névoa de Sangue não levasse os animais.",
					"items": "✣ Receba uma lanterna, um cantil e uma faca.",
					"skills": { "move": "1", "animal-handling": "1" },
					"talent": "Aquartelador"
				},
				"steppe rider": {
					"key": "steppe rider",
					"name": "Ginete das Estepes",
					"weight": 1,
					"description": "Você cavalgou através das estepes das Terras Proibidas, e viveu da caça e da venda de carne e peles de animais caçados.",
					"items": "✣ Receba um arco curto e um Dado de Recurso D12 para flechas.",
					"skills": { "marksmanship": "1", "animal-handling": "1" },
					"talent": "Curtidor"
				}
			}
		},
		"rogue": {
			"key": "rogue",
			"name": "Ladino",
			"weight": 1,
			"paths": ["Caminho do Rosto", "Caminho do Matador", "Caminho do Veneno"],
			"equipment": ["Adaga", "Bens de Comércio", "Bens de Comércio"],
			"consumables": { "food": 6, "water": 6, "arrows": 0, "torches": 0 },
			"currency": { "gold": 0, "silver": 10, "copper": 0 },
			"formativeEvents": {
				"stole from the wrong person": {
					"key": "stole from the wrong person",
					"name": "Roubou da Pessoa Errada",
					"weight": 1,
					"description": "Era o crime perfeito. Por um tempo. Você roubou algo valioso da pessoa errada, na hora errada. Você foi caçada e teve que fugir para salvar sua vida.",
					"items": "✣ Receba gazuas e uma faca de arremesso.",
					"skills": { "sleight-of-hand": "1", "move": "1" },
					"talent": "Rápido como um Raio"
				},
				"imprisoned": {
					"key": "imprisoned",
					"name": "Aprisionada",
					"weight": 1,
					"description": "Culpada ou não, você foi capturada e jogada em uma cela. Você passou um longo tempo na escuridão, mas nunca desistiu. Finalmente, a chance de escapar surgiu, e você a aproveitou.",
					"items": "✣ Receba uma adaga.",
					"skills": { "endurance": "1", "survival": "1" },
					"talent": "Resistente à Dor"
				},
				"successful heist": {
					"key": "successful heist",
					"name": "Grande Roubo Bem-Sucedido",
					"weight": 1,
					"description": "Você planejou e realizou um grande roubo. Talvez tenha sido contra um mascate rico ou contra um lorde local.",
					"items": "✣ Role uma vez na tabela de Itens Valiosos em um Covil, role novamente se o resultado for abaixo de 33.",
					"skills": { "sleight-of-hand": "1", "stealth": "1" },
					"talent": "Sortudo"
				},
				"joined a guild of thieves": {
					"key": "joined a guild of thieves",
					"name": "Entrou para uma Guilda de Ladrões",
					"weight": 1,
					"description": "Você buscou por uma associação de ladrões e se tornou parte de uma comunidade. Juntos, vocês planejaram grandes roubos e realizaram missões perigosas.",
					"items": "✣ Receba uma armadura de couro e uma adaga.",
					"skills": { "insight": "1", "scouting": "1" },
					"talent": "Sexto Sentido"
				},
				"enlisted": {
					"key": "enlisted",
					"name": "Alistada",
					"weight": 1,
					"description": "Você se viu, provavelmente contra a sua vontade, alistada em uma companhia de soldados. Você trabalhava como batedora, sempre muito à frente dos demais. Essa época foi cheia de miséria e perigos, mas também cheia de amizades.",
					"items": "✣ Receba um arco curto e um Dado de Recurso D12 para flechas.",
					"skills": { "marksmanship": "1", "scouting": "1" },
					"talent": "Desbravador"
				},
				"band of robbers": {
					"key": "band of robbers",
					"name": "Bando de Assaltantes",
					"weight": 1,
					"description": "Você desapareceu na mata e se juntou a um bando de assaltantes que sobreviviam atacando mascates e caravanas que cruzavam o seu caminho. A vida na floresta foi despreocupada e boa enquanto durou mas, ao fim, os assaltantes acabaram expulsos da mata.",
					"items": "✣ Receba uma espada curta.",
					"skills": { "melee": "1", "survival": "1" },
					"talent": "Rápido como um Raio"
				}
			}
		},
		"sorcerer": {
			"key": "sorcerer",
			"name": "Feiticeiro",
			"weight": 1,
			"paths": ["Caminho do Sangue", "Caminho da Morte", "Caminho dos Símbolos", "Caminho das Rochas"],
			"equipment": [["Bastão", "Faca"], "Bens de Comércio"],
			"consumables": { "food": 6, "water": 8, "arrows": 0, "torches": 0 },
			"currency": { "gold": 0, "silver": 8, "copper": 0 },
			"formativeEvents": {
				"failed experiment": {
					"key": "failed experiment",
					"name": "Experimento Fracassado",
					"weight": 1,
					"description": "Você realizou um experimento que fracassou catastroficamente. Talvez alguém tenha se machucado seriamente, talvez isso tenha feito você ser banida de seu lar.",
					"items": "✣ Receba um bastão e D6 doses de veneno alucinógeno.",
					"skills": { "lore": "1", "healing": "1" },
					"talent": "Envenenador"
				},
				"secluded studies": {
					"key": "secluded studies",
					"name": "Estudos Isolados",
					"weight": 1,
					"description": "Você buscou uma localização isolada para imergir nos estudos mágicos. Você viveu da natureza, e seus livros e pergaminhos eram seus únicos companheiros.",
					"items": "✣ Receba uma tenda pequena, um caldeirão e uma faca.",
					"skills": { "lore": "1", "survival": "1" },
					"talent": "Aquartelador"
				},
				"found strange artifact": {
					"key": "found strange artifact",
					"name": "Encontrou um Artefato Estranho",
					"weight": 1,
					"description": "Você encontrou um estranho artefato. Você ficou obcecada com suas histórias e a possibilidade de que ele tivesse poderes mágicos.",
					"items": "✣ Role uma vez na tabela de Itens Valiosos em um Covil, e role novamente se o resultado for abaixo de 32.",
					"skills": { "crafting": "1", "insight": "1" },
					"talent": "Incorruptível"
				},
				"court magician": {
					"key": "court magician",
					"name": "Maga da Corte",
					"weight": 1,
					"description": "Você trabalhou com um lorde local e serviu como sua conselheira arcana. Talvez o lorde tivesse intenções ocultas, talvez você tenha entrado em conflito com conselheiros de posições elevadas. Você aprendeu muito sobre pessoas em posições de poder.",
					"items": "✣ Receba um bastão, uma garrafa de vinho e um manto.",
					"skills": { "insight": "1", "manipulation": "1" },
					"talent": "Língua Afiada"
				},
				"entertainer": {
					"key": "entertainer",
					"name": "Animadora",
					"weight": 1,
					"description": "Você trabalhava como uma animadora, usando seu conhecimento de magia para fazer ilusões e truques. Talvez trabalhasse em uma estalagem decadente, ou talvez fosse empregada em uma corte nobre.",
					"items": "✣ Receba roupas finas e uma bola de cristal.",
					"skills": { "manipulation": "2" },
					"talent": "Rápido como um Raio"
				},
				"enlisted": {
					"key": "enlisted",
					"name": "Alistada",
					"weight": 1,
					"description": "Você foi alistada em uma companhia de soldados. Você passou um longo tempo em campo, onde ajudava com seus conhecimentos mágicos. Você viu companheiros sendo mortos, mas conseguiu fugir disso com apenas uma ou duas cicatrizes feias.",
					"items": "✣ Receba uma armadura de couro batido, um elmo fechado e uma espada curta.",
					"skills": { "melee": "1", "healing": "1" },
					"talent": "Defensor"
				}
			}
		}
	}
}
