{
	"kin": {
		"alderlander": {
			"key": "alderlander",
			"name": "Alderlander",
			"weight": 8,
			"age": [
				[16, 25],
				[26, 50],
				[51, 80]
			],
			"talent": "Adaptive",
			"childhood": {
				"orphaned": {
					"key": "orphaned",
					"name": "Orphaned",
					"weight": 1,
					"description": "You have never met your mother or father, never had a family. Since you were little, you've had to care for yourself. It has hardened you and made you strong, but a feeling of rootlessness gnaws within you.",
					"attributes": { "strength": "3", "agility": "5", "wits": "3", "empathy": "4" },
					"skills": {
						"endurance": "1",
						"melee": "1",
						"scouting": "1",
						"sleight-of-hand": "1",
						"survival": "1",
						"insight": "1"
					}
				},
				"herder": {
					"key": "herder",
					"name": "Herder",
					"weight": 1,
					"description": "You were taught as a child that livestock are the source of life. As an apprentice, you wandered the plains of the Forbidden Lands, guarding your herd. You spent your nights under starry skies, dreaming of adventure.",
					"attributes": { "strength": "4", "agility": "4", "wits": "3", "empathy": "4" },
					"skills": { "might": "1", "crafting": "1", "scouting": "2", "animal-handling": "2" }
				},
				"vagabond": {
					"key": "vagabond",
					"name": "Vagabond",
					"weight": 1,
					"description": "You and your family traveled from village to village, making a living doing simple jobs. You never had a real home, every day was a new adventure. You learned to live off the land, and the importance of staying together",
					"attributes": { "strength": "4", "agility": "4", "wits": "4", "empathy": "3" },
					"skills": { "endurance": "1", "melee": "1", "scouting": "1", "survival": "2", "insight": "1" }
				},
				"squire": {
					"key": "squire",
					"name": "Squire",
					"weight": 1,
					"description": "You served a proud warrior. Carried her weapons and gear, took care of her horse, and learned everything you could. You dreamed of making a name for yourself in the Forbidden Lands, of one day being your own master",
					"attributes": { "strength": "4", "agility": "4", "wits": "3", "empathy": "4" },
					"skills": { "endurance": "1", "melee": "2", "marksmanship": "1", "move": "1", "healing": "1" }
				},
				"laborer": {
					"key": "laborer",
					"name": "Laborer",
					"weight": 1,
					"description": "You worked on a farm performing menial laborious chores. You know everything about grains, cattle, and crops. But deep inside you longed for something else.",
					"attributes": { "strength": "5", "agility": "3", "wits": "3", "empathy": "4" },
					"skills": { "might": "2", "melee": "1", "crafting": "1", "survival": "1", "animal-handling": "1" }
				},
				"hard studies": {
					"key": "hard studies",
					"name": "Hard Studies",
					"weight": 1,
					"description": "A learned man or woman took you under his/her wing and set you to studying the elder writings. The days were long, the learning hard, but in the end, you found that knowledge was the key to the world.",
					"attributes": { "strength": "3", "agility": "3", "wits": "5", "empathy": "4" },
					"skills": { "crafting": "1", "lore": "3", "insight": "1", "manipulation": "1" }
				}
			}
		},
		"aslene": {
			"key": "aslene",
			"name": "Aslene",
			"weight": 5,
			"age": [
				[16, 25],
				[26, 50],
				[51, 80]
			],
			"talent": "Adaptive",
			"childhood": {
				"born in the saddle": {
					"key": "born in the saddle",
					"name": "Born In The Saddle",
					"weight": 1,
					"description": "You have always felt more kinship with animals than humans, and it is only on the back of your horse, with the wind whipping your face, that you feel truly free. Together you are one entity, riding across everlasting expanses in the name of the god Horn.",
					"attributes": { "strength": "4", "agility": "5", "wits": "3", "empathy": "3" },
					"skills": { "move": "2", "survival": "2", "animal-handling": "2" }
				},
				"dreamer": {
					"key": "dreamer",
					"name": "Dreamer",
					"weight": 1,
					"description": "You have always dreamed of gods, legends, and myhts. Ever since you were a tiny tot, you sat by the campfire listening to the clan's minstrel telling stories of the volcano god Horn, proud ancestors, and demonic invasions. It is in the dreams of your people, of heroes and legends, that you live to the fullest. Maybe one day you'll be able to create a legend of your own?",
					"attributes": { "strength": "3", "agility": "3", "wits": "4", "empathy": "5" },
					"skills": { "lore": "2", "manipulation": "1", "performance": "1", "animal-handling": "1" }
				},
				"strongest of the clan": {
					"key": "strongest of the clan",
					"name": "Strongest Of The Clan",
					"weight": 1,
					"description": "Already as a child you learned that you were bigger and stronger than others. You had to work harder, be more responsible, fight the hardest. Some idolized you, others despised you.",
					"attributes": { "strength": "5", "agility": "3", "wits": "3", "empathy": "4" },
					"skills": { "might": "2", "endurance": "1", "melee": "2", "animal-handling": "1" }
				},
				"taught by a wise women": {
					"key": "taught by a wise women",
					"name": "Taught By A Wise Women",
					"weight": 1,
					"description": "As a child you befriended a wise women of the clan. Soon you became her apprentice, and learned all about the history of your people, of ancient feats of heroism, and bloody wars.",
					"attributes": { "strength": "3", "agility": "3", "wits": "5", "empathy": "4" },
					"skills": { "lore": "2", "insight": "1", "healing": "2", "animal-handling": "1" }
				},
				"hunter": {
					"key": "hunter",
					"name": "Hunter",
					"weight": 1,
					"description": "As a child you learned to live in tune with nature. The hunt is your task, and even if you learned to kill, you also learned to honor the value of the life of every animal.",
					"attributes": { "strength": "3", "agility": "4", "wits": "4", "empathy": "4" },
					"skills": { "marksmanship": "2", "scouting": "2", "survival": "1", "animal-handling": "1" }
				},
				"child of the winds": {
					"key": "child of the winds",
					"name": "Child Of The Winds",
					"weight": 1,
					"description": "You were chosen as a Child of the Winds and set out on a long pilgrimage to the highlands and the mountains. All for the sake of your clan. You fulfilled your duty, but to this day you still unsure of where you feel at home.",
					"attributes": { "strength": "4", "agility": "4", "wits": "3", "empathy": "4" },
					"skills": {
						"melee": "1",
						"marksmanship": "1",
						"endurance": "1",
						"survival": "2",
						"animal-handling": "1"
					}
				}
			}
		},
		"ailander": {
			"key": "ailander",
			"name": "Ailander",
			"weight": 3,
			"age": [
				[16, 25],
				[26, 50],
				[51, 80]
			],
			"talent": "Adaptive",
			"childhood": {
				"child of the raven": {
					"key": "child of the raven",
					"name": "Child Of The Raven",
					"weight": 1,
					"description": "You grew up among the Raven Sisters, and learned to venerate the Raven god. You learned to fear the Rust Brothers, and to live off the land. It is in the wind that you feel the most free",
					"attributes": { "strength": "3", "agility": "4", "wits": "4", "empathy": "4" },
					"skills": { "crafting": "1", "move": "1", "scouting": "1", "lore": "2", "insight": "1" }
				},
				"druid's apprentice": {
					"key": "druid's apprentice",
					"name": "Druid's Apprentice",
					"weight": 1,
					"description": "You were apprenticed to a druid, and learned everything you could of the holy mysteries, of rituals and sorcery. Your master is long dead, but you still remember his/her words.",
					"attributes": { "strength": "3", "agility": "4", "wits": "5", "empathy": "3" },
					"skills": { "scouting": "1", "lore": "1", "survival": "2", "healing": "1", "animal-handling": "1" }
				},
				"guardian": {
					"key": "guardian",
					"name": "Guardian",
					"weight": 1,
					"description": "The Ailanders were always an oppressed and hunted people. You realized this early on, and were trained to protect your people from dangers with shield and sword in hand. You were soon hardened by battle, and wear the scars to prove it.",
					"attributes": { "strength": "5", "agility": "4", "wits": "3", "empathy": "3" },
					"skills": { "might": "1", "melee": "2", "marksmanship": "2", "move": "1" }
				},
				"wanderer": {
					"key": "wanderer",
					"name": "Wanderer",
					"weight": 1,
					"description": "You had no fixed place in life, the road was your home, and the Forbidden Lands was your neighborhood. Already as a child, you had seen more of the land than most.",
					"attributes": { "strength": "4", "agility": "4", "wits": "3", "empathy": "4" },
					"skills": {
						"endurance": "1",
						"melee": "1",
						"scouting": "1",
						"survival": "2",
						"animal-handling": "1"
					}
				},
				"laborer": {
					"key": "laborer",
					"name": "Laborer",
					"weight": 1,
					"description": "You worked on a farm performing menial laborious chores. You know everything about grains, cattle, and crops. But deep inside you longed for something else.",
					"attributes": { "strength": "5", "agility": "3", "wits": "3", "empathy": "4" },
					"skills": { "might": "2", "melee": "1", "crafting": "1", "survival": "1", "animal-handling": "1" }
				},
				"herder": {
					"key": "herder",
					"name": "Herder",
					"weight": 1,
					"description": "You were taught as a child that livestock are the source of life. As an apprentice, you wandered the plains of the Forbidden Lands, guarding your herd. You spent your nights under starry skies, dreaming of adventure.",
					"attributes": { "strength": "4", "agility": "4", "wits": "3", "empathy": "4" },
					"skills": { "might": "1", "crafting": "1", "scouting": "2", "animal-handling": "2" }
				}
			}
		},
		"halfelf": {
			"key": "halfelf",
			"name": "Halfelf",
			"weight": 3,
			"age": [
				[16, 30],
				[31, 100],
				[101, 200]
			],
			"talent": "Psychic Power",
			"childhood": {
				"on the run": {
					"key": "on the run",
					"name": "On The Run",
					"weight": 1,
					"description": "You have always been on the run from something. Never felt safe, and never had a lasting home. You have traveled from village to village in the Forbidden Lands, but have never been able to sleep with your back to the door.",
					"attributes": { "strength": "4", "agility": "5", "wits": "3", "empathy": "3" },
					"skills": { "melee": "1", "stealth": "2", "scouting": "2", "insight": "1" }
				},
				"artist": {
					"key": "artist",
					"name": "Artist",
					"weight": 1,
					"description": "Already as a child you discovered that you had a talent for artistic endeavors. It was in the arts and performance that you found peace, that was where you lived life to the fulest.",
					"attributes": { "strength": "3", "agility": "3", "wits": "4", "empathy": "5" },
					"skills": { "crafting": "2", "move": "1", "lore": "1", "performance": "2" }
				},
				"student": {
					"key": "student",
					"name": "Student",
					"weight": 1,
					"description": "You always knew that you were a little wiser than your friends. When a sage teacher took you on, you immersed yourself in the mysteries of the world. What you found in books was all that you had ever dreamed of and more.",
					"attributes": { "strength": "3", "agility": "4", "wits": "5", "empathy": "3" },
					"skills": { "crafting": "1", "lore": "3", "insight": "1", "healing": "1" }
				},
				"acrobat": {
					"key": "acrobat",
					"name": "Acrobat",
					"weight": 1,
					"description": "As a child you were agile and nimble, climbed everywhere, and discovered every nook in your neighborhood of the village. You learned the art of performance, and the importance of the beauty in the Forbidden Lands.",
					"attributes": { "strength": "3", "agility": "5", "wits": "3", "empathy": "4" },
					"skills": { "stealth": "1", "move": "2", "sleight-of-hand": "2", "performance": "1" }
				},
				"fighter": {
					"key": "fighter",
					"name": "Fighter",
					"weight": 1,
					"description": "You learned early on that you were talented with weapons. Soon, you were taken on by a warrior who taught you the mysteries of battle. You trained hard and long, and in time you became your master's equal.",
					"attributes": { "strength": "4", "agility": "5", "wits": "3", "empathy": "3" },
					"skills": { "might": "1", "endurance": "1", "melee": "2", "marksmanship": "2" }
				},
				"ghost child": {
					"key": "ghost child",
					"name": "Ghost Child",
					"weight": 1,
					"description": "You grew up without a real family or home. Instead, you sought out other youths who had run away or been cast out. You were called ghost children, and lived by stealing and performing odd jobs.",
					"attributes": { "strength": "3", "agility": "4", "wits": "4", "empathy": "4" },
					"skills": { "melee": "1", "stealth": "2", "sleight-of-hand": "2", "insight": "1" }
				}
			}
		},
		"halfling": {
			"key": "halfling",
			"name": "Halfling",
			"weight": 3,
			"age": [
				[16, 25],
				[26, 60],
				[61, 100]
			],
			"talent": "Hard to Catch",
			"childhood": {
				"baker's apprentice": {
					"key": "baker's apprentice",
					"name": "Baker's Apprentice",
					"weight": 1,
					"description": "You have always loved the scent of freshly baked bread. Since childhood, you have worked in the kitchen, baking bread that'd make anyone's mouth water.",
					"attributes": { "strength": "4", "agility": "4", "wits": "3", "empathy": "4" },
					"skills": {
						"crafting": "2",
						"sleight-of-hand": "1",
						"lore": "1",
						"survival": "1",
						"performance": "1"
					}
				},
				"laborer": {
					"key": "laborer",
					"name": "Laborer",
					"weight": 1,
					"description": "You worked on a farm performing menial laborious chores. You know everything about grains, cattle, and crops. But deep inside you longed for something else.",
					"attributes": { "strength": "4", "agility": "4", "wits": "3", "empathy": "4" },
					"skills": { "might": "2", "melee": "1", "crafting": "1", "survival": "1", "animal-handling": "1" }
				},
				"craftsman": {
					"key": "craftsman",
					"name": "Craftsman",
					"weight": 1,
					"description": "You were always skilled with your fingers, and learned to master a craft early on. You expressed yourself through the objects you created. But they also made you long to see the works of the real masters.",
					"attributes": { "strength": "3", "agility": "4", "wits": "4", "empathy": "4" },
					"skills": { "melee": "1", "crafting": "3", "lore": "1", "insight": "1" }
				},
				"raised in the kitchen": {
					"key": "raised in the kitchen",
					"name": "Raised In The Kitchen",
					"weight": 1,
					"description": "You spent almost all of your childhood in the kitchen. Among the scents of soups, stews, and brews. Your learned the secrets of spices and the joy of a well-cooked meal.",
					"attributes": { "strength": "4", "agility": "4", "wits": "3", "empathy": "4" },
					"skills": {
						"crafting": "2",
						"sleight-of-hand": "1",
						"lore": "1",
						"survival": "1",
						"animal-handling": "1"
					}
				},
				"bookworm": {
					"key": "bookworm",
					"name": "Bookworm",
					"weight": 1,
					"description": "When other children played in the forest, you preffered to bury your nose in an old book, reading of myths, dragons, and treasures.",
					"attributes": { "strength": "3", "agility": "3", "wits": "5", "empathy": "4" },
					"skills": { "lore": "3", "insight": "1", "manipulation": "1", "animal-handling": "1" }
				},
				"loner": {
					"key": "loner",
					"name": "Loner",
					"weight": 1,
					"description": "You have never felt at home among your people, always keeping to yourself. You grew up in the shadow of your comrades. You saw things they didn´t see, did things they never imagined.",
					"attributes": { "strength": "4", "agility": "4", "wits": "4", "empathy": "3" },
					"skills": {
						"melee": "1",
						"stealth": "2",
						"sleight-of-hand": "1",
						"scouting": "1",
						"manipulation": "1"
					}
				}
			}
		},
		"goblin": {
			"key": "goblin",
			"name": "Goblin",
			"weight": 4,
			"age": [
				[16, 25],
				[26, 60],
				[61, 100]
			],
			"talent": "Nocturnal",
			"childhood": {
				"wolfling": {
					"key": "wolfling",
					"name": "Wolfling",
					"weight": 1,
					"description": "Your parents abandoned you when you were a child, but you found a new home with a wolf pack. You became one of the wolves, howled at the moon, loped across the plains, and ate raw flesh.",
					"attributes": { "strength": "3", "agility": "5", "wits": "3", "empathy": "4" },
					"skills": { "endurance": "1", "melee": "1", "stealth": "1", "move": "1", "animal-handling": "2" }
				},
				"scrounger": {
					"key": "scrounger",
					"name": "Scrounger",
					"weight": 1,
					"description": "You learned as a child that the ownership of objects is nothing but a fleeting thought. You have always had a talent for acquiring things that aren't yours. It's like they just... appear.",
					"attributes": { "strength": "3", "agility": "5", "wits": "3", "empathy": "4" },
					"skills": { "stealth": "2", "scouting": "2", "insight": "1", "manipulation": "1" }
				},
				"child of the woods": {
					"key": "child of the woods",
					"name": "Child Of The Woods",
					"weight": 1,
					"description": "You grew up under the cover of the forest. You climbed the trees, and felt the wind whisper among the leaves. It is in the forest that you feel safe, and you know that its creatures will always protect you.",
					"attributes": { "strength": "4", "agility": "4", "wits": "4", "empathy": "3" },
					"skills": { "endurance": "1", "move": "1", "marksmanship": "1", "scouting": "1", "survival": "2" }
				},
				"wildling": {
					"key": "wildling",
					"name": "Wildling",
					"weight": 1,
					"description": "Your clan was a bunch of mavericks who didn't care for old lineages and pacts. You grew up wild and free, no one has ever been able to tell you what to do.",
					"attributes": { "strength": "4", "agility": "4", "wits": "3", "empathy": "4" },
					"skills": { "might": "1", "melee": "2", "move": "2", "survival": "1" }
				},
				"wanderer": {
					"key": "wanderer",
					"name": "Wanderer",
					"weight": 1,
					"description": "You had no fixed place in life, the road was your home, and the Forbidden Lands was your neighborhood. Already as a child, you had seen more of the land than most.",
					"attributes": { "strength": "4", "agility": "4", "wits": "4", "empathy": "3" },
					"skills": {
						"endurance": "1",
						"melee": "1",
						"scouting": "1",
						"survival": "2",
						"animal-handling": "1"
					}
				},
				"storyteller": {
					"key": "storyteller",
					"name": "Storyteller",
					"weight": 1,
					"description": "As a wee goblin, you sat by the fire, eyes like saucers, and listened to the legends of your people being told by the clan elder. In your mind, you traveled through time and space, and relived the fantastic stories. You made sure that you learned all you could from the old goblin, and it didn't take long before you became one of the clan's storytellers.",
					"attributes": { "strength": "3", "agility": "4", "wits": "3", "empathy": "5" },
					"skills": { "lore": "1", "manipulation": "2", "performance": "3" }
				}
			}
		},
		"orc": {
			"key": "orc",
			"name": "Orc",
			"weight": 4,
			"age": [
				[13, 20],
				[21, 45],
				[46, 70]
			],
			"talent": "Unbreakable",
			"childhood": {
				"minstrel": {
					"key": "minstrel",
					"name": "Minstrel",
					"weight": 1,
					"description": "It was in the stories of the suffering of your people that you found your true self. In your youth, you learned the songs of the betrayal of the elves, and the blood spilt in the wars. You will never forget.",
					"attributes": { "strength": "3", "agility": "3", "wits": "4", "empathy": "5" },
					"skills": { "lore": "1", "insight": "1", "manipulation": "1", "performance": "1" }
				},
				"worker": {
					"key": "worker",
					"name": "Worker",
					"weight": 1,
					"description": "Life was hard, even as a young orc. You have toiled for as long as you can remember. Worked hard to be able to live your life as you please.",
					"attributes": { "strength": "5", "agility": "4", "wits": "3", "empathy": "3" },
					"skills": { "might": "2", "endurance": "2", "crafting": "2" }
				},
				"brigand": {
					"key": "brigand",
					"name": "Brigand",
					"weight": 1,
					"description": "A strong orc is an orc that can care for himself. You realized early on that you must steal to survive. And why not? The orcs have been betrayed time and time again.",
					"attributes": { "strength": "4", "agility": "4", "wits": "4", "empathy": "3" },
					"skills": { "melee": "2", "stealth": "1", "sleight-of-hand": "1", "scouting": "1", "survival": "1" }
				},
				"drifter": {
					"key": "drifter",
					"name": "Drifter",
					"weight": 1,
					"description": "You grew up on the road, in the forest, and on the plains. You have never been able to settle in one place. Your restless legs won't let you.",
					"attributes": { "strength": "4", "agility": "4", "wits": "3", "empathy": "4" },
					"skills": {
						"endurance": "1",
						"melee": "1",
						"scouting": "1",
						"survival": "2",
						"animal-handling": "1"
					}
				},
				"warrior": {
					"key": "warrior",
					"name": "Warrior",
					"weight": 1,
					"description": "You grew up on the battlefield. Had already slain your first enemy as a young orc. It was with weapon in hand that you felt respected for the first time.",
					"attributes": { "strength": "5", "agility": "4", "wits": "3", "empathy": "3" },
					"skills": { "might": "1", "melee": "2", "marksmanship": "2", "move": "1" }
				},
				"loner": {
					"key": "loner",
					"name": "Loner",
					"weight": 1,
					"description": "You have never felt at home among your people, always keeping to yourself. You grew up in the shadow of your comrades. You saw things they didn´t see, did things they never imagined.",
					"attributes": { "strength": "4", "agility": "3", "wits": "5", "empathy": "3" },
					"skills": { "melee": "1", "scouting": "1", "insight": "2", "survival": "2" }
				}
			}
		},
		"wolfkin": {
			"key": "wolfkin",
			"name": "Wolfkin",
			"weight": 2,
			"age": [
				[13, 20],
				[21, 40],
				[41, 65]
			],
			"talent": "Hunting Instincts",
			"childhood": {
				"howler": {
					"key": "howler",
					"name": "Howler",
					"weight": 1,
					"description": "You grew up among the howlers, wolfkin that moved between the clans, their own masters, free. You were trained in the telling of the tragic legends that have been told by generations of howlers before you.",
					"attributes": { "strength": "3", "agility": "4", "wits": "4", "empathy": "4" },
					"skills": { "lore": "1", "manipulation": "1", "performance": "3", "survival": "1" }
				},
				"hunter": {
					"key": "hunter",
					"name": "Hunter",
					"weight": 1,
					"description": "Already as a young pup you learned that blood is life. The older hunters in the clan taught you to respect the animals, even as you kill them. The hunt is the basis of life.",
					"attributes": { "strength": "4", "agility": "4", "wits": "4", "empathy": "3" },
					"skills": { "endurance": "1", "melee": "1", "scouting": "2", "survival": "2" }
				},
				"outcast": {
					"key": "outcast",
					"name": "Outcast",
					"weight": 1,
					"description": "When the other cubs ran with the pack, you were cast out. Alone, you learned to live off the forest, and that other kin could be more kind than your own. One day, you will find your way home.",
					"attributes": { "strength": "4", "agility": "3", "wits": "5", "empathy": "3" },
					"skills": { "melee": "1", "scouting": "1", "insight": "2", "survival": "2" }
				},
				"tracker": {
					"key": "tracker",
					"name": "Tracker",
					"weight": 1,
					"description": "You learned early on that your sense of smell was better than your comrades, and you soon realized that you could find the most amazing things if you just followed your snout.",
					"attributes": { "strength": "3", "agility": "4", "wits": "5", "empathy": "3" },
					"skills": { "stealth": "2", "scouting": "3", "survival": "1" }
				},
				"fighter": {
					"key": "fighter",
					"name": "Fighter",
					"weight": 1,
					"description": "You were the strongest in your litter, and completely dominated your siblings' games. As you grew bigger, the elders in the clan saw that you were a natural fighter, and trained you in the secrets of battle.",
					"attributes": { "strength": "5", "agility": "4", "wits": "3", "empathy": "3" },
					"skills": { "might": "2", "melee": "3", "move": "1" }
				},
				"child of the forest": {
					"key": "child of the forest",
					"name": "Child Of The Forest",
					"weight": 1,
					"description": "Ever since you were a child, you've been drawn to the fruits of the forests, to flowers, herbs, and lakes. You learned everything you could from the clan's herbalist, the scent of every flower, and which plants nurtured life - or ended it.",
					"attributes": { "strength": "3", "agility": "4", "wits": "4", "empathy": "4" },
					"skills": { "lore": "2", "scouting": "1", "survival": "3" }
				}
			}
		},
		"dwarf": {
			"key": "dwarf",
			"name": "Dwarf",
			"weight": 2,
			"age": [
				[20, 40],
				[41, 80],
				[81, 160]
			],
			"talent": "True Grit",
			"childhood": {
				"smith's apprentice": {
					"key": "smith's apprentice",
					"name": "Smith's Apprentice",
					"weight": 1,
					"description": "It has always in the sweltering heat of the forge that you felt most at home. You learned the mystery of steel during many long days in the glow of the fire.",
					"attributes": { "strength": "5", "agility": "3", "wits": "4", "empathy": "3" },
					"skills": { "might": "1", "endurance": "1", "melee": "1", "crafting": "3" }
				},
				"mineborn": {
					"key": "mineborn",
					"name": "Mineborn",
					"weight": 1,
					"description": "Already as a child, you learned to navigate in the darkness, deep below the eart. It was in the presence of the rock and the cold that you felt most at home.",
					"attributes": { "strength": "4", "agility": "4", "wits": "4", "empathy": "3" },
					"skills": { "endurance": "2", "crafting": "1", "scouting": "1", "survival": "2" }
				},
				"scout's apprentice": {
					"key": "scout's apprentice",
					"name": "Scout's Apprentice",
					"weight": 1,
					"description": "You were always perceptive, always curious. It soon came to the attention of your clan members, and you were handpicked to learn the duties of a scout. Many long days where spent hiding, watching the dangers of the Forbidden Lands.",
					"attributes": { "strength": "4", "agility": "4", "wits": "4", "empathy": "3" },
					"skills": { "melee": "1", "stealth": "2", "scouting": "2", "survival": "1" }
				},
				"guardian": {
					"key": "guardian",
					"name": "Guardian",
					"weight": 1,
					"description": "You were chosen to be a guardian-in-training, serving as something similar to a squire to a proud and powerful dwarven warrior. It was arduous work, but also educational. Your master taught you to handle weapons, to temper your courage, and to stand proud - no matter the dangers you face.",
					"attributes": { "strength": "5", "agility": "4", "wits": "3", "empathy": "3" },
					"skills": { "might": "2", "endurance": "1", "melee": "2", "marksmanship": "1" }
				},
				"carver": {
					"key": "carver",
					"name": "Carver",
					"weight": 1,
					"description": "Dwarves have always burrowed inwards and downwards. Created life out of rock. As a child you were fascinated by the art of shaping the mountain after your image. You became a carver, an engineer and builder, who worked as much with the mind as with brute strength.",
					"attributes": { "strength": "4", "agility": "3", "wits": "5", "empathy": "3" },
					"skills": { "might": "1", "crafting": "2", "lore": "2", "survival": "1" }
				},
				"hard studies": {
					"key": "hard studies",
					"name": "Hard Studies",
					"weight": 1,
					"description": "A learned man or woman took you under his/her wing and set you to studying the elder writings. The days were long, the learning hard, but in the end, you found that knowledge was the key to the world.",
					"attributes": { "strength": "3", "agility": "3", "wits": "5", "empathy": "4" },
					"skills": { "crafting": "1", "lore": "3", "insight": "1", "manipulation": "1" }
				}
			}
		},
		"elf": {
			"key": "elf",
			"name": "Elf",
			"weight": 2,
			"age": [[0, 0]],
			"talent": "Inner Peace",
			"childhood": {
				"loner": {
					"key": "loner",
					"name": "Loner",
					"weight": 1,
					"description": "You have never felt at home among your people, always keeping to yourself. You grew up in the shadow of your comrades. You saw things they didn´t see, did things they never imagined.",
					"attributes": { "strength": "4", "agility": "3", "wits": "5", "empathy": "3" },
					"skills": { "melee": "1", "scouting": "1", "insight": "2", "survival": "2" }
				},
				"fighter": {
					"key": "fighter",
					"name": "Fighter",
					"weight": 1,
					"description": "You learned early on that you were talented with weapons. Soon, you were taken on by a warrior who taught you the mysteries of battle. You trained hard and long, and in time you became your master's equal.",
					"attributes": { "strength": "4", "agility": "5", "wits": "3", "empathy": "3" },
					"skills": { "might": "1", "endurance": "1", "melee": "2", "marksmanship": "2" }
				},
				"child of the forest": {
					"key": "child of the forest",
					"name": "Child Of The Forest",
					"weight": 1,
					"description": "Ever since you were a child, you've been drawn to the fruits of the forests, to flowers, herbs, and lakes. You learned everything you could from the clan's herbalist, the scent of every flower, and which plants nurtured life - or ended it.",
					"attributes": { "strength": "3", "agility": "4", "wits": "4", "empathy": "4" },
					"skills": { "lore": "2", "scouting": "1", "survival": "3" }
				},
				"hard studies": {
					"key": "hard studies",
					"name": "Hard Studies",
					"weight": 1,
					"description": "A learned man or woman took you under his/her wing and set you to studying the elder writings. The days were long, the learning hard, but in the end, you found that knowledge was the key to the world.",
					"attributes": { "strength": "3", "agility": "3", "wits": "5", "empathy": "4" },
					"skills": { "crafting": "1", "lore": "3", "insight": "1", "manipulation": "1" }
				},
				"wanderer": {
					"key": "wanderer",
					"name": "Wanderer",
					"weight": 1,
					"description": "You had no fixed place in life, the road was your home, and the Forbidden Lands was your neighborhood. Already as a child, you had seen more of the land than most.",
					"attributes": { "strength": "4", "agility": "4", "wits": "3", "empathy": "4" },
					"skills": {
						"endurance": "1",
						"melee": "1",
						"scouting": "1",
						"survival": "2",
						"animal-handling": "1"
					}
				},
				"druid's apprentice": {
					"key": "druid's apprentice",
					"name": "Druid's Apprentice",
					"weight": 1,
					"description": "You were apprenticed to a druid, and learned everything you could of the holy mysteries, of rituals and sorcery. Your master is long dead, but you still remember his/her words.",
					"attributes": { "strength": "3", "agility": "4", "wits": "5", "empathy": "3" },
					"skills": { "scouting": "1", "lore": "1", "survival": "2", "healing": "1", "animal-handling": "1" }
				}
			}
		}
	},
	"profession": {
		"druid": {
			"key": "druid",
			"name": "Druid",
			"weight": 1,
			"paths": ["Path of Healing", "Path of Shifting Shapes", "Path of Sight"],
			"equipment": [["Staff", "Knife"], "Trade Goods"],
			"consumables": { "food": 8, "water": 6, "arrows": 0, "torches": 0 },
			"currency": { "gold": 0, "silver": 6, "copper": 0 },
			"formativeEvents": {
				"pilgrimage": {
					"key": "pilgrimage",
					"name": "Pilgrimage",
					"weight": 1,
					"description": "You performed a pilgrimage that lead you across the Forbidden Lands. You reached your destination after many hardships, but you will never forget your perilous journey.",
					"items": "✥ Receive a staff, a backpack, and a waterskin.",
					"skills": { "lore": "1", "survival": "1" },
					"talent": "Wanderer"
				},
				"hunted": {
					"key": "hunted",
					"name": "Hunted",
					"weight": 1,
					"description": "Something happened that forced you to run for your life. Maybe you rubbed the wrong person the wrong way, maybe you were accused of something you hadn't done.",
					"items": "✥ Receive D3 doses sleeping poison and a dagger.",
					"skills": { "melee": "1", "move": "1" },
					"talent": "Sixth Sense"
				},
				"unexpected find": {
					"key": "unexpected find",
					"name": "Unexpected Find",
					"weight": 1,
					"description": "You found a treasure marked with the sign of your god. You saw this as a sign that your mission was righteous, but others didn't see it the same way. Maybe there is still someone looking for the treasure?",
					"items": "✥ Roll once on the table for @Macro[Valuable Finds in the Lair], reroll if the result is too hheavy to carry.",
					"skills": { "crafting": "1", "survival": "1" },
					"talent": "Lucky"
				},
				"studied with a master": {
					"key": "studied with a master",
					"name": "Studied With A Master",
					"weight": 1,
					"description": "A wise druid took you under his/her wing and taught you for a long period. It was an intense time, but also educational. Maybe your master is still alive somewhere, maybe he/she was killed by the Iron Guard.",
					"items": "✥ Receive parchment, ink, and quill.",
					"skills": { "lore": "1", "healing": "1" },
					"talent": "Sharp Tongue"
				},
				"protected the forest": {
					"key": "protected the forest",
					"name": "Protected The Forest",
					"weight": 1,
					"description": "You took it upon yourself to protect a forest against the evil and violence of strangers. You lived in the cover of proud trees, one with the beings of the forest.",
					"items": "✥ Receive a short bow and a D12 Resource Die for arrows.",
					"skills": { "marksmanship": "1", "animal-handling": "1" },
					"talent": "Herbalist"
				},
				"lived as a hermit": {
					"key": "lived as a hermit",
					"name": "Lived As A Hermit",
					"weight": 1,
					"description": "You sought the beauty of nature, away from the violent conflicts of the Forbidden Lands. When you finally returned to the land, you did so with newfound strength.",
					"items": "✥ Receive a tent and a field kitchen.",
					"skills": { "endurance": "1", "survival": "1" },
					"talent": "Pathfinder"
				}
			}
		},
		"fighter": {
			"key": "fighter",
			"name": "Fighter",
			"weight": 1,
			"paths": ["Path of the Blade", "Path of the Enemy", "Path of the Shield"],
			"equipment": ["One-handed Weapon", "Studded Leather", "Trade Goods"],
			"consumables": { "food": 8, "water": 8, "arrows": 0, "torches": 0 },
			"currency": { "gold": 0, "silver": 6, "copper": 0 },
			"formativeEvents": {
				"captured": {
					"key": "captured",
					"name": "Captured",
					"weight": 1,
					"description": "You were shamefully captured by enemies. You were thrown in a dungeon to be forgotten and die. When the opportunity arose to escape, you took it.",
					"items": "✥ Receive studded leather armor.",
					"skills": { "might": "1", "survival": "1" },
					"talent": "Pain Resistant"
				},
				"bloody battle": {
					"key": "bloody battle",
					"name": "Bloody Battle",
					"weight": 1,
					"description": "You took part in a terrible battle and were badly injured. When dawn broke, your friends had been defeated to the last man, and the enemy had left you to the ravens.",
					"items": "✥ Receive a longsword.",
					"skills": { "melee": "2" },
					"talent": "Sword Fighter"
				},
				"a long march": {
					"key": "a long march",
					"name": "A Long March",
					"weight": 1,
					"description": "You signed on as a soldier and marched across the Forbidden Lands. You barely remember what you fought for, or who your enemies were. But you remember how the forces of nature took your friends one by one.",
					"items": "✥ Receive a tent, a blanket, and a cauldron.",
					"skills": { "survival": "1", "healing": "1" },
					"talent": "Pack Rat"
				},
				"on horseback": {
					"key": "on horseback",
					"name": "On Horseback",
					"weight": 1,
					"description": "You learned to ride and signed on as a knight with a lord. You fought in skirmishes, patrolled and guarded the country from enemies.",
					"items": "✥ Receive a mount of your choice (not warhorse)",
					"skills": { "melee": "1", "animal-handling": "1" },
					"talent": "Horseback Fighter"
				},
				"scout": {
					"key": "scout",
					"name": "Scout",
					"weight": 1,
					"description": "You signed on with a company of soldiers and were placed in the vanguard as a scout. Your task to discover the enemy before they discovered you, and you were good at it. Maybe something happened to your squad, maybe you weren't paying much attention just that once?",
					"items": "✥ Receive a light crossbow and a D12 Resource Die for arrows.",
					"skills": { "scouting": "1", "marksmanship": "1" },
					"talent": "Defender"
				},
				"commander": {
					"key": "commander",
					"name": "Commander",
					"weight": 1,
					"description": "You commanded a squad of soldiers. Your comrades looked up to you and would die for you. But something happened, maybe you were betrayed, maybe defeated in an ambush. Your comrades fell or fled, but you survived.",
					"items": "✥ Receive chainmail armor and a closed helmet.",
					"skills": { "lore": "1", "manipulation": "1" },
					"talent": "Cold Blooded"
				}
			}
		},
		"hunter": {
			"key": "hunter",
			"name": "Hunter",
			"weight": 1,
			"paths": ["Path of the Arrow", "Path of the Beast", "Path of the Forest"],
			"equipment": [["Bow", "Sling"], "Trade Goods", "Trade Goods"],
			"consumables": { "food": 8, "water": 8, "arrows": 10, "torches": 0 },
			"currency": { "gold": 0, "silver": 6, "copper": 0 },
			"formativeEvents": {
				"hunted a beast": {
					"key": "hunted a beast",
					"name": "Hunted A Beast",
					"weight": 1,
					"description": "The hunt was everything. You tracked the beast over land, water, and mountain. At times, the roles were reversed, maybe at times you were the prey?",
					"items": "✥ Receive a short spear and a bear trap.",
					"skills": { "melee": "1", "scouting": "1" },
					"talent": "Spear Fighter"
				},
				"lived off the forest": {
					"key": "lived off the forest",
					"name": "Lived Off The Forest",
					"weight": 1,
					"description": "You dwelt in the forest and lived off it. During the days you hunted, and at night, you slept under the open sky. It was a simple but good life. It had to end one day.",
					"items": "✥ Receive a throwing spear and a dagger.",
					"skills": { "marksmanship": "1", "survival": "1" },
					"talent": "Master Of The Hunt"
				},
				"tamed a mount": {
					"key": "tamed a mount",
					"name": "Tamed A Mount",
					"weight": 1,
					"description": "You caught a wild horse (or another suitable animal). It wasn't easy, but after a long time you tamed the creature and in time you became inseparable.",
					"items": "✥ Receive a mount of your choice. It cannot be a warhorse.",
					"skills": { "animal-handling": "2" },
					"talent": "Horseback Fighter"
				},
				"won an archery competition": {
					"key": "won an archery competition",
					"name": "Won An Archery Competition",
					"weight": 1,
					"description": "You realized early on that you had a natural talent for archery, and set out to become even better. When you visited a large village or castle, you participated in a competition and won.",
					"items": "✥ Receive a longbow and a D12 Resource Die for arrows.",
					"skills": { "marksmanship": "2" },
					"talent": "Sharpshooter"
				},
				"guide": {
					"key": "guide",
					"name": "Guide",
					"weight": 1,
					"description": "You loaned your talents as a guide to those who paid the best. You led caravans of peddlers, troops of soldiers, and curious adventurers. You learned the art of traversing the Forbidden Lands and living off of it.",
					"items": "✥ Receive a tent, a cauldron, and a blanket.",
					"skills": { "scouting": "2" },
					"talent": "Pathfinder"
				},
				"hunted for a lord": {
					"key": "hunted for a lord",
					"name": "Hunted For A Lord",
					"weight": 1,
					"description": "A nobleman noticed your skills and hired you as his forester. You lived a good life, half of the time in comfort in the lord's castle, the rest of the time hunting in the woods.",
					"items": "✥ Receive a well-sewn cloak and a sleeping fur.",
					"skills": { "marksmanship": "1", "insight": "1" },
					"talent": "Sixth Sense"
				}
			}
		},
		"minstrel": {
			"key": "minstrel",
			"name": "Minstrel",
			"weight": 1,
			"paths": ["Path of the Hymn", "Path of the Song", "Path of the Warcry"],
			"equipment": [["Lute", "Flute"], "Knife", "Trade Goods"],
			"consumables": { "food": 8, "water": 6, "arrows": 0, "torches": 0 },
			"currency": { "gold": 0, "silver": 8, "copper": 0 },
			"formativeEvents": {
				"wrote a popular ballad": {
					"key": "wrote a popular ballad",
					"name": "Wrote A Popular Ballad",
					"weight": 1,
					"description": "A ballad or story that you wrote became immensely popular in the surrounding area. To this day, you hear local minstrels performing your piece.",
					"items": "✥ Receive ink, a feather, and parchment.",
					"skills": { "manipulation": "1", "performance": "1" },
					"talent": "Lucky"
				},
				"worked as a minstrel": {
					"key": "worked as a minstrel",
					"name": "Worked As A Minstrel",
					"weight": 1,
					"description": "You used your artistic talents to make a living as a minstre. Maybe you were of the traveling kind, maybe you worked at a more permanent location, like a tavern or a castle.",
					"items": "✥ Receive a lute.",
					"skills": { "performance": "2" },
					"talent": "Sharp Tongue"
				},
				"inspirational journey": {
					"key": "inspirational journey",
					"name": "Inspirational Journey",
					"weight": 1,
					"description": "You went on a journey across the Forbidden Lands, to learn of the kin, cultures, and legends. On your journey you encountered many adventures and gathered enough material to fill a smaller book of ballads.",
					"items": "✥ Receive a small tent, a blanket, and a cauldron.",
					"skills": { "lore": "1", "survival": "1" },
					"talent": "Fearless"
				},
				"sang for a lord": {
					"key": "sang for a lord",
					"name": "Sang For A Lord",
					"weight": 1,
					"description": "Your talent drew the attention of a local lord and he offered you a place as an entertainer at his court. Your time in the castle was filled with wine, delicious food, and clinking silver. But also insidious intrigue, assassinations, and jealousy.",
					"items": "✥ Receive fine garments and a dagger",
					"skills": { "insight": "1", "performance": "1" },
					"talent": "Sixth Sense"
				},
				"enlisted": {
					"key": "enlisted",
					"name": "Enlisted",
					"weight": 1,
					"description": "Life took an unexpected turn and you were enlisted in a company of soldiers. Life in the field was rough, but you made faithful friends and learned to live off the land.",
					"items": "✥ Receive leather armor and an open helmet.",
					"skills": { "melee": "1", "survival": "1" },
					"talent": "Defender"
				},
				"dueled a rival": {
					"key": "dueled a rival",
					"name": "Dueled A Rival",
					"weight": 1,
					"description": "A rival saw you as a thorn in his side. For a period, your fates were interwined in the most troublesome ways: love, money, and work. In the end, it was too much. You were challenged to a duel, and you were injured. Maybe your rival is still out somewhere.",
					"items": "✥ Receive a short sword.",
					"skills": { "melee": "1", "healing": "1" },
					"talent": "Sword Fighter"
				}
			}
		},
		"peddler": {
			"key": "peddler",
			"name": "Peddler",
			"weight": 1,
			"paths": ["Path of Gold", "Path of Lies", "Path of Many Things"],
			"equipment": ["Knife", "Trade Goods", "Trade Goods", "Trade Goods"],
			"consumables": { "food": 8, "water": 8, "arrows": 0, "torches": 0 },
			"currency": { "gold": 0, "silver": 12, "copper": 0 },
			"formativeEvents": {
				"caravan": {
					"key": "caravan",
					"name": "Caravan",
					"weight": 1,
					"description": "You were part of an arduous trade caravan that traveled through the Forbidden Lands. The caravan encountered many dangers, and not everyone made it to the final destination. Maybe someone was left behind on the way?",
					"items": "✥ Receive a donkey",
					"skills": { "animal-handling": "1", "manipulation": "1" },
					"talent": "Wanderer"
				},
				"local business": {
					"key": "local business",
					"name": "Local Business",
					"weight": 1,
					"description": "You saw a financial opportunity and you made the most of it. Maybe you imported fruit to a lord's castle, maybe you sold fabrics from Alderland. Business went swimmingly - for a while.",
					"items": "✥ Receive a cart",
					"skills": { "insight": "1", "manipulation": "1" },
					"talent": "Lucky"
				},
				"cheated": {
					"key": "cheated",
					"name": "Cheated",
					"weight": 1,
					"description": "A trusted companion deceived you and left you destitute. You learned and important lesson the hard way, and had to spend a long time rebuilding your life from the rubble. Maybe your old companion still alive?",
					"items": "✥ Receive a small tent, a blanket and a cauldron.",
					"skills": { "insight": "2" },
					"talent": "Incorruptible"
				},
				"side mission": {
					"key": "side mission",
					"name": "Side Mission",
					"weight": 1,
					"description": "You teamed up with a group of adventurers and went on a great adventure in the Forbidden Lands. You had to face many dangers, and many perished on the journey, but you learned a lot about yourself on the way.",
					"items": "✥ Receive a chainmail armor and a small shield.",
					"skills": { "melee": "1", "lore": "1" },
					"talent": "Fearless"
				},
				"smuggler": {
					"key": "smuggler",
					"name": "Smuggler",
					"weight": 1,
					"description": "You created a lucrative business by smuggling contraband between the settlements of the Forbidden Lands. Maybe you smuggled weapons, maybe forbidden drugs. You learned the importance of discretion and how to avoid attention.",
					"items": "✥ Receive a spyglass.",
					"skills": { "scouting": "1", "insight": "1" },
					"talent": "Sixth Sense"
				},
				"ran a shop": {
					"key": "ran a shop",
					"name": "Ran A Shop",
					"weight": 1,
					"description": "You chose to settle in a village and run a shop for a period of your life. You could live off of it, but not very well. In the end, you realized that the quiet existance wasn't for you.",
					"items": "✥ Receive a scale, ink, a quill, and parchment.",
					"skills": { "manipulation": "2" },
					"talent": "Sharp Tongue"
				}
			}
		},
		"rider": {
			"key": "rider",
			"name": "Rider",
			"weight": 1,
			"paths": ["Path of the Companion", "Path of the Knight", "Path of the Plains"],
			"equipment": ["Riding Horse", ["Spear", "Handaxe"], ["Short Bow", "Sling"], "Trade Goods"],
			"consumables": { "food": 8, "water": 8, "arrows": 10, "torches": 0 },
			"currency": { "gold": 0, "silver": 6, "copper": 0 },
			"formativeEvents": {
				"enlisted": {
					"key": "enlisted",
					"name": "Enlisted",
					"weight": 1,
					"description": "You joined a company of soldiers. Maybe you joined of your own free will, maybe you were conscripted. With your comrades you braved many hardships: battles, long marches, and harsh weather. In the end, something happened to make you leave the company.",
					"items": "✥ Receive studded leather armor and a large shield.",
					"skills": { "melee": "1", "marksmanship": "1" },
					"talent": "Horseback Fighter"
				},
				"competed": {
					"key": "competed",
					"name": "Competed",
					"weight": 1,
					"description": "You earned a living as a competitive rider, and traveled from village to village, castle to castle and competed against other riders. As long as you were winning you had a good life, but when you started losing, it was time to move on.",
					"items": "✥ Receive a cloak.",
					"skills": { "move": "1", "animal-handling": "1" },
					"talent": "Fast Footwork"
				},
				"traveled the land": {
					"key": "traveled the land",
					"name": "Traveled The Land",
					"weight": 1,
					"description": "Your lust for adventure took over, and you went out for a long ride across the Forbidden Lands. You rode through miserable wastes, severe storms, and braves many dangers.",
					"items": "✥ Receive a small tent, a cauldron, and a blanket.",
					"skills": { "survival": "1", "scouting": "1" },
					"talent": "Herbalist"
				},
				"caravan guard": {
					"key": "caravan guard",
					"name": "Caravan Guard",
					"weight": 1,
					"description": "You took employment as a guard in a caravan, and escorted peddlers through dark forests and high mountains.",
					"items": "✥ Receive a short spear",
					"skills": { "melee": "1", "scouting": "1" },
					"talent": "Pathfinder"
				},
				"cattle herder": {
					"key": "cattle herder",
					"name": "Cattle Herder",
					"weight": 1,
					"description": "You herded livestock to greener pastures in the Forbidden Lands. In the daytime, you guarded the herd from horseback. At night, you slept under the open sky.",
					"items": "✥ Receive a lantern and a waterskin.",
					"skills": { "move": "1", "animal-handling": "1" },
					"talent": "Quartermaster"
				},
				"steppe rider": {
					"key": "steppe rider",
					"name": "Steppe Rider",
					"weight": 1,
					"description": "You rode across the everlasting steppes of the Forbidden Lands and lived simply by hunting and selling meat and animals hides.",
					"items": "✥ Receive a short bow and a D12 Resource Die for arrows",
					"skills": { "marksmanship": "1", "animal-handling": "1" },
					"talent": "Tanner"
				}
			}
		},
		"rogue": {
			"key": "rogue",
			"name": "Rogue",
			"weight": 1,
			"paths": ["Path of the Face", "Path of the Killer", "Path of Poison"],
			"equipment": ["Dagger", "Trade Goods", "Trade Goods"],
			"consumables": { "food": 6, "water": 6, "arrows": 0, "torches": 0 },
			"currency": { "gold": 0, "silver": 10, "copper": 0 },
			"formativeEvents": {
				"stole from the wrong person": {
					"key": "stole from the wrong person",
					"name": "Stole From The Wrong Person",
					"weight": 1,
					"description": "It was the perfect crime. For a while. You stole something valuable from the wrong person, at the wrong time. You were hunted and had to run for your life.",
					"items": "✥ Receive lockpicks.",
					"skills": { "sleight-of-hand": "1", "move": "1" },
					"talent": "Lightning Fast"
				},
				"imprisoned": {
					"key": "imprisoned",
					"name": "Imprisoned",
					"weight": 1,
					"description": "Guilty or not, you were caught and thrown in jail. You had to spend a long time in the darkness but never gave up. Finally, the chance to escape emerged, and you took it.",
					"items": "✥ Receive a dagger.",
					"skills": { "endurance": "1", "survival": "1" },
					"talent": "Pain Resistant"
				},
				"successful heist": {
					"key": "successful heist",
					"name": "Successful Heist",
					"weight": 1,
					"description": "You planned and successfully performed a heist. Maybe it was against a rich peddler, maybe against a local lord.",
					"items": "✥ Receive an item from Valuable finds in a lair. Reroll if the result is below 33.",
					"skills": { "sleight-of-hand": "1", "stealth": "1" },
					"talent": "Lucky"
				},
				"joined a guild of thieves": {
					"key": "joined a guild of thieves",
					"name": "Joined A Guild Of Thieves",
					"weight": 1,
					"description": "You sought out an association of thieves and became part of the community. Together, you planned heists, and carried out dangerous missions.",
					"items": "✥ Receive leather armor.",
					"skills": { "insight": "1", "scouting": "1" },
					"talent": "Sixth Sense"
				},
				"enlisted": {
					"key": "enlisted",
					"name": "Enlisted",
					"weight": 1,
					"description": "You found yourself, probably against your will, enlisted in a company of soldiers. There you worked as a scout, and ranged far ahead of the others. Your time there was filled with misery and dangers, but also friendship.",
					"items": "✥ Receive a short bow and a D12 Resource Die for arrows.",
					"skills": { "marksmanship": "1", "scouting": "1" },
					"talent": "Pathfinder"
				},
				"band of robbers": {
					"key": "band of robbers",
					"name": "Band Of Robbers",
					"weight": 1,
					"description": "You disappeared into the woods and joined a band of robbers that lived off peddlers and caravans who stumbled into their path. Life in the forest was carefree and good for as long as it lasted, but in the end, the robbers were ousted from the woods.",
					"items": "✥ Receive a short sword.",
					"skills": { "melee": "1", "survival": "1" },
					"talent": "Lightning Fast"
				}
			}
		},
		"sorcerer": {
			"key": "sorcerer",
			"name": "Sorcerer",
			"weight": 1,
			"paths": ["Path of Blood", "Path of Death", "Path of Signs", "Path of Stone"],
			"equipment": [["Staff", "Knife"], "Trade Goods"],
			"consumables": { "food": 6, "water": 8, "arrows": 0, "torches": 0 },
			"currency": { "gold": 0, "silver": 8, "copper": 0 },
			"formativeEvents": {
				"failed experiment": {
					"key": "failed experiment",
					"name": "Failed Experiment",
					"weight": 1,
					"description": "You performed a magical experiment that failed catastrophically. Maybe someone was seriously injured, maybe you were banished from your home.",
					"items": "✥ Receive a D6 doses of hallucinogenic poison.",
					"skills": { "lore": "1", "healing": "1" },
					"talent": "Poisoner"
				},
				"secluded studies": {
					"key": "secluded studies",
					"name": "Secluded Studies",
					"weight": 1,
					"description": "You sought out a secluded location to immerse yourself in the study of magic. You lived off nature and your books and scrolls were your only companions.",
					"items": "✥ Receive a small tent and a cauldron.",
					"skills": { "lore": "1", "survival": "1" },
					"talent": "Quartermaster"
				},
				"found strange artifact": {
					"key": "found strange artifact",
					"name": "Found Strange Artifact",
					"weight": 1,
					"description": "You found a strange artifact during your travels through the Forbidden Lands. You became obsessed with its history and the thought that it might hold magical powers.",
					"items": "✥ Roll once on the table for Valuable finds in the lair. Re-roll if the result is below 32.",
					"skills": { "crafting": "1", "insight": "1" },
					"talent": "Incorruptible"
				},
				"court magician": {
					"key": "court magician",
					"name": "Court Magician",
					"weight": 1,
					"description": "You took employment with a local lord and served as his arcane advisor. Maybe the lord had a hidden agenda, maybe you got into a conflict with higher ranking advisors. You learned much about people in positions of power.",
					"items": "✥ Receive a bottle of expensive wine and a cloak.",
					"skills": { "insight": "1", "manipulation": "1" },
					"talent": "Sharp Tongue"
				},
				"entertainer": {
					"key": "entertainer",
					"name": "Entertainer",
					"weight": 1,
					"description": "You worked as an entertainer, using your knowledge of magic to perform illusioins and tricks. Maybe you worked at a run down inn, maybe you were employed at a lord's court.",
					"items": "✥ Receive fine garments and a crystal ball.",
					"skills": { "manipulation": "2" },
					"talent": "Lightning Fast"
				},
				"enlisted": {
					"key": "enlisted",
					"name": "Enlisted",
					"weight": 1,
					"description": "You were enlisted in a company of soldiers. You spent a long time in the field where you assisted with your magical expertise. You saw comrades killed, but you managed to make it out with just an ugly scar or two.",
					"items": "✥ Receive studded leather armor and a closed helmet.",
					"skills": { "melee": "1", "healing": "1" },
					"talent": "Defender"
				}
			}
		}
	}
}
